date,Close
2010-01-04,-1.3995505591446664
2010-01-05,-1.39431878377373
2010-01-06,-1.3933998883828007
2010-01-07,-1.3866563818848516
2010-01-08,-1.3817803079555655
2010-01-11,-1.3788161292751484
2010-01-12,-1.3947634105757927
2010-01-13,-1.3807428454174195
2010-01-14,-1.3766226370516397
2010-01-15,-1.3950450075504324
2010-01-19,-1.3739993389194707
2010-01-20,-1.3920660079766132
2010-01-21,-1.42401985415151
2010-01-22,-1.4606571026414656
2010-01-25,-1.4532170141536187
2010-01-26,-1.46004944601198
2010-01-27,-1.4521499098286685
2010-01-28,-1.4713726085711736
2010-01-29,-1.487171680937797
2010-02-01,-1.4644660722458016
2010-02-02,-1.4435241498686546
2010-02-03,-1.4524759694835143
2010-02-04,-1.5031189622384413
2010-02-05,-1.4985541270705987
2010-02-08,-1.5125598713355697
2010-02-09,-1.4921366802274958
2010-02-10,-1.495678873750594
2010-02-11,-1.4803540699728375
2010-02-12,-1.484741054419855
2010-02-16,-1.456047804793417
2010-02-17,-1.4491709102548493
2010-02-18,-1.4384405834317393
2010-02-19,-1.4348539272284344
2010-02-22,-1.4365731508630764
2010-02-23,-1.4564479689152734
2010-02-24,-1.4406785383354541
2010-02-25,-1.4440873438179338
2010-02-26,-1.4417901053406106
2010-03-01,-1.4251610629434703
2010-03-02,-1.4213076306589283
2010-03-03,-1.420596227775628
2010-03-04,-1.414401094333556
2010-03-05,-1.3910878290120754
2010-03-08,-1.3913842468801172
2010-03-09,-1.3884941726667104
2010-03-10,-1.3808465916712342
2010-03-11,-1.3739845180260686
2010-03-12,-1.3743550403611207
2010-03-15,-1.3735843539042123
2010-03-16,-1.3603196543093454
2010-03-17,-1.3503155512629377
2010-03-18,-1.350878745212217
2010-03-19,-1.3596675349996536
2010-03-22,-1.3509083869990213
2010-03-23,-1.3385181201148773
2010-03-24,-1.3480775963592226
2010-03-25,-1.3510269541462379
2010-03-26,-1.3497523573136585
2010-03-29,-1.3399261049880755
2010-03-30,-1.3398520005210652
2010-03-31,-1.345543223587466
2010-04-01,-1.332693509007858
2010-04-05,-1.3188507945703096
2010-04-06,-1.3158866158898925
2010-04-07,-1.3262464203779505
2010-04-08,-1.3203328839105182
2010-04-09,-1.3085799154426645
2010-04-12,-1.3054527069348243
2010-04-13,-1.3042373936758533
2010-04-14,-1.2844515009840687
2010-04-15,-1.282939769857056
2010-04-16,-1.3118997955647314
2010-04-19,-1.3039113340210073
2010-04-20,-1.2896091718879945
2010-04-21,-1.2914321417764512
2010-04-22,-1.2873860378776818
2010-04-23,-1.2746252486584861
2010-04-26,-1.282376575907777
2010-04-27,-1.3243789878092875
2010-04-28,-1.3130410043566922
2010-04-29,-1.290187186730676
2010-04-30,-1.319962361575466
2010-05-03,-1.2968862305484188
2010-05-04,-1.3393629110387966
2010-05-05,-1.3508194616386087
2010-05-06,-1.4067238715512758
2010-05-07,-1.4323195544566776
2010-05-10,-1.3599194901874891
2010-05-11,-1.365758922187911
2010-05-12,-1.3422233434653987
2010-05-13,-1.3633134747765667
2010-05-14,-1.3955637388195052
2010-05-17,-1.3936963062508425
2010-05-18,-1.417617228201809
2010-05-19,-1.4261392419080081
2010-05-20,-1.4905508446334725
2010-05-21,-1.4666892062561145
2010-05-24,-1.4874977405926428
2010-05-25,-1.4869345466433637
2010-05-26,-1.4959456498318315
2010-05-27,-1.4439094930971088
2010-05-28,-1.4641400125909556
2010-06-01,-1.491855083252856
2010-06-02,-1.4508456712092848
2010-06-03,-1.444250373645357
2010-06-04,-1.5004956641062719
2010-06-07,-1.5218525714986775
2010-06-08,-1.5047640814060728
2010-06-09,-1.5141160651427887
2010-06-10,-1.467948982195292
2010-06-11,-1.4608942369358993
2010-06-14,-1.4638139529361098
2010-06-15,-1.4258724658267705
2010-06-16,-1.4267913612177
2010-06-17,-1.4246719734612017
2010-06-18,-1.422493302131095
2010-06-21,-1.428881107187394
2010-06-22,-1.4553956854837253
2010-06-23,-1.4602421176262073
2010-06-24,-1.4874384570190344
2010-06-25,-1.4828884427445943
2010-06-28,-1.486134218399651
2010-06-29,-1.5355322561088025
2010-06-30,-1.5511386568611987
2010-07-01,-1.5560888352574955
2010-07-02,-1.5631880431970946
2010-07-06,-1.5550661936127517
2010-07-07,-1.5073280959646336
2010-07-08,-1.492536844349352
2010-07-09,-1.481109935536344
2010-07-12,-1.479939084957579
2010-07-13,-1.455351222803519
2010-07-14,-1.4556031779913543
2010-07-15,-1.4536616409556813
2010-07-16,-1.5004956641062719
2010-07-19,-1.4910547550091435
2010-07-20,-1.4729288023783926
2010-07-21,-1.4935150233138899
2010-07-22,-1.4578263120016672
2010-07-23,-1.4445023288331922
2010-07-26,-1.4261985254816165
2010-07-27,-1.4279325700096606
2010-07-28,-1.4393594788226685
2010-07-29,-1.446177089787628
2010-07-30,-1.4460733435338136
2010-08-02,-1.4101178561403536
2010-08-03,-1.4181211385774797
2010-08-04,-1.4080725728508656
2010-08-05,-1.4101919606073638
2010-08-06,-1.4163722731560335
2010-08-09,-1.407257423713751
2010-08-10,-1.4172318849733547
2010-08-11,-1.4640510872305432
2010-08-12,-1.4727361307641658
2010-08-13,-1.479198040287475
2010-08-16,-1.4790053686732476
2010-08-17,-1.459501072956103
2010-08-18,-1.457100088224965
2010-08-19,-1.4845632036990297
2010-08-20,-1.4904026356994515
2010-08-23,-1.4968200825425548
2010-08-24,-1.5197776464223858
2010-08-25,-1.514649617305264
2010-08-26,-1.5266693618543554
2010-08-27,-1.5009254700149326
2010-08-30,-1.5241498099760007
2010-08-31,-1.5235421533465154
2010-09-01,-1.477656667373658
2010-09-02,-1.463117370946212
2010-09-03,-1.4417604635538064
2010-09-07,-1.460538535494249
2010-09-08,-1.450119447432583
2010-09-09,-1.442249553036075
2010-09-10,-1.4342907332791552
2010-09-13,-1.4159869299275794
2010-09-14,-1.4171726013997463
2010-09-15,-1.4112887067191182
2010-09-16,-1.4118963633486037
2010-09-17,-1.4105180202622098
2010-09-20,-1.385144650757839
2010-09-21,-1.3894871725246503
2010-09-22,-1.3976386638957974
2010-09-23,-1.4116444081607684
2010-09-24,-1.3763113982901958
2010-09-27,-1.3859597998949535
2010-09-28,-1.3777490249501982
2010-09-29,-1.3821508302906178
2010-09-30,-1.387382605661554
2010-10-01,-1.3799128753869028
2010-10-04,-1.3935629182102238
2010-10-05,-1.3584077590604764
2010-10-06,-1.3595637887458392
2010-10-07,-1.3623945793856376
2010-10-08,-1.3518865659635586
2010-10-11,-1.3516346107757233
2010-10-12,-1.3450393132117953
2010-10-13,-1.332693509007858
2010-10-14,-1.3390516722773527
2010-10-15,-1.335524299647656
2010-10-18,-1.322896898469079
2010-10-19,-1.3507749989584021
2010-10-20,-1.332589762754043
2010-10-21,-1.3294921960330073
2010-10-22,-1.3253127040936192
2010-10-25,-1.3215481971694896
2010-10-26,-1.321518555382685
2010-10-27,-1.3262464203779505
2010-10-28,-1.324275241555473
2010-10-29,-1.3250459280123816
2010-11-01,-1.3233859879513479
2010-11-02,-1.3097655869148312
2010-11-03,-1.3032592147113156
2010-11-04,-1.2690229509524977
2010-11-05,-1.2619237430128987
2010-11-08,-1.265777175297441
2010-11-09,-1.2803757552984951
2010-11-10,-1.2725058609019877
2010-11-11,-1.2801682627908662
2010-11-12,-1.3014066030360547
2010-11-15,-1.3035704534727595
2010-11-16,-1.3323378075662078
2010-11-17,-1.3319672852311557
2010-11-18,-1.3051414681733804
2010-11-19,-1.3006359165791463
2010-11-22,-1.3034370654321408
2010-11-23,-1.3287956140431092
2010-11-24,-1.3026811998686343
2010-11-26,-1.3159458994635007
2010-11-29,-1.318376525981443
2010-11-30,-1.3290623901243468
2010-12-01,-1.291239470162224
2010-12-02,-1.2683263689625996
2010-12-03,-1.2636133248607362
2010-12-06,-1.265969846911668
2010-12-07,-1.2650361306273366
2010-12-08,-1.258322265916192
2010-12-09,-1.2513268042304073
2010-12-10,-1.2403593431128637
2010-12-13,-1.2402704177524513
2010-12-14,-1.2385956567980159
2010-12-15,-1.2480217450017421
2010-12-16,-1.236698582442549
2010-12-17,-1.2351572095287318
2010-12-20,-1.2304589863202708
2010-12-21,-1.2193136744819024
2010-12-22,-1.213029615679418
2010-12-23,-1.2160975406136496
2010-12-27,-1.2149563318216892
2010-12-28,-1.2135187051616867
2010-12-29,-1.2116364516996219
2010-12-30,-1.214452421446018
2010-12-31,-1.214808122887668
2011-01-03,-1.1937179915765004
2011-01-04,-1.1961930807746484
2011-01-05,-1.186766992570922
2011-01-06,-1.1907834546828873
2011-01-07,-1.1942663646323775
2011-01-10,-1.1968600209777425
2011-01-11,-1.1898497383985558
2011-01-12,-1.1728353527729614
2011-01-13,-1.1760959493214203
2011-01-14,-1.1620457423762431
2011-01-18,-1.1594076233506718
2011-01-19,-1.178822993707404
2011-01-20,-1.1812832620121503
2011-01-21,-1.176703605950906
2011-01-24,-1.1656027567927438
2011-01-25,-1.1650988464170726
2011-01-26,-1.1570214595129358
2011-01-27,-1.152708579532929
2011-01-28,-1.187093052225768
2011-01-31,-1.1725982184785282
2011-02-01,-1.1407777603442502
2011-02-02,-1.1460539983953926
2011-02-03,-1.1415039841209524
2011-02-04,-1.1359165073083661
2011-02-07,-1.12379301650546
2011-02-08,-1.1156118833475086
2011-02-09,-1.121080793012878
2011-02-10,-1.1196135245660719
2011-02-11,-1.1088239141693532
2011-02-14,-1.1041256909608923
2011-02-15,-1.1105134960171912
2011-02-16,-1.098197333600058
2011-02-17,-1.0921059464118006
2011-02-18,-1.0882821559140625
2011-02-22,-1.1291433590236128
2011-02-23,-1.1410593573188896
2011-02-24,-1.142986073461161
2011-02-25,-1.1225628823530867
2011-02-28,-1.1116843465959558
2011-03-01,-1.142645192912913
2011-03-02,-1.1395179844050727
2011-03-03,-1.1061265115701737
2011-03-04,-1.1206806288910218
2011-03-07,-1.1370132534201203
2011-03-08,-1.1196876290330822
2011-03-09,-1.1223553898454577
2011-03-10,-1.1592742353100531
2011-03-11,-1.1456834760603405
2011-03-14,-1.157377160954586
2011-03-15,-1.1788970981744147
2011-03-16,-1.2159345107862265
2011-03-17,-1.1909761262971144
2011-03-18,-1.1828394558193693
2011-03-21,-1.1544278031675708
2011-03-22,-1.1612602350259325
2011-03-23,-1.1556727582133464
2011-03-24,-1.1377098354100181
2011-03-25,-1.131573985541555
2011-03-28,-1.1369243280597077
2011-03-29,-1.1232150016627784
2011-03-30,-1.1101429736821389
2011-03-31,-1.1137444507788459
2011-04-01,-1.1039923029202732
2011-04-04,-1.1033105418237776
2011-04-05,-1.1036662432654274
2011-04-06,-1.0993533632854207
2011-04-07,-1.102362004646044
2011-04-08,-1.1102763617227576
2011-04-11,-1.1157749131749315
2011-04-12,-1.1310404333790798
2011-04-13,-1.1306699110440275
2011-04-14,-1.1305068812166048
2011-04-15,-1.1228593002211285
2011-04-18,-1.144408879227761
2011-04-19,-1.1333228509630011
2011-04-20,-1.1070305860677012
2011-04-21,-1.0966263188994367
2011-04-25,-1.0997831691940811
2011-04-26,-1.0820129180049802
2011-04-27,-1.069533725760424
2011-04-28,-1.062390055140619
2011-04-29,-1.0577511155057662
2011-05-02,-1.0612933090288645
2011-05-03,-1.0681109199938241
2011-05-04,-1.0818943508577636
2011-05-05,-1.1000054825951124
2011-05-06,-1.0924468269600487
2011-05-09,-1.0834209028781785
2011-05-10,-1.0673105917501111
2011-05-11,-1.0896604990004566
2011-05-12,-1.0799231720352862
2011-05-13,-1.0960483040567555
2011-05-16,-1.1083496455804867
2011-05-17,-1.1090758693571887
2011-05-18,-1.0917354240767485
2011-05-19,-1.0874077232033397
2011-05-20,-1.102717706087694
2011-05-23,-1.1262829265970105
2011-05-24,-1.1278984039778377
2011-05-25,-1.1216884496423636
2011-05-26,-1.1139519432864748
2011-05-27,-1.1059338399559469
2011-05-31,-1.0850363802590057
2011-06-01,-1.1304624185363985
2011-06-02,-1.132848582374134
2011-06-03,-1.1517896841419997
2011-06-06,-1.1725241140115175
2011-06-07,-1.174347083899974
2011-06-08,-1.1823207245502965
2011-06-09,-1.1683298011787273
2011-06-10,-1.1950370510892858
2011-06-13,-1.1937772751501086
2011-06-14,-1.1700045621331632
2011-06-15,-1.2032774678208453
2011-06-16,-1.1999872294855822
2011-06-17,-1.1942663646323775
2011-06-20,-1.1840992317585468
2011-06-21,-1.1586665786805677
2011-06-22,-1.1710864873515152
2011-06-23,-1.1764812925498744
2011-06-24,-1.1987867371200134
2011-06-27,-1.181520396306584
2011-06-28,-1.1569621759393276
2011-06-29,-1.1410445364254875
2011-06-30,-1.121436494454528
2011-07-01,-1.0932323343103592
2011-07-05,-1.0958852742293324
2011-07-06,-1.093899274513453
2011-07-07,-1.073150023750533
2011-07-08,-1.0871113053352979
2011-07-11,-1.1231408971957682
2011-07-12,-1.1318111198359881
2011-07-13,-1.1257641953279371
2011-07-14,-1.1388806859887832
2011-07-15,-1.1281058964854667
2011-07-18,-1.1439642524256985
2011-07-19,-1.1124105703726581
2011-07-20,-1.1137296298854438
2011-07-21,-1.0871113053352979
2011-07-22,-1.0853031563402433
2011-07-25,-1.0965522144324262
2011-07-26,-1.1046888849101713
2011-07-27,-1.144779401562813
2011-07-28,-1.1510338185784932
2011-07-29,-1.1634685481428433
2011-08-01,-1.171382905219557
2011-08-02,-1.220128823619017
2011-08-03,-1.210806481669105
2011-08-04,-1.3001320062034756
2011-08-05,-1.3011546478482192
2011-08-08,-1.4196032279176882
2011-08-09,-1.3409487466328196
2011-08-10,-1.417676511775417
2011-08-11,-1.3407857168053965
2011-08-12,-1.3316412255763097
2011-08-15,-1.2935811713197536
2011-08-16,-1.3109660792804
2011-08-17,-1.3092913183259642
2011-08-18,-1.3881977547986686
2011-08-19,-1.4135711243030396
2011-08-22,-1.413141318394379
2011-08-23,-1.356036416116143
2011-08-24,-1.3334345536779622
2011-08-25,-1.3606012512839851
2011-08-26,-1.334620225150129
2011-08-29,-1.2852962919079878
2011-08-30,-1.2810871581817953
2011-08-31,-1.27223908482075
2011-09-01,-1.293684917573568
2011-09-02,-1.338814537982919
2011-09-06,-1.35175317792294
2011-09-07,-1.302281035746778
2011-09-08,-1.3211332121542307
2011-09-09,-1.3680709815586363
2011-09-12,-1.3561549832633595
2011-09-13,-1.3404448362571488
2011-09-14,-1.317013003788451
2011-09-15,-1.2867339185679902
2011-09-16,-1.276507502120551
2011-09-19,-1.2941740070558372
2011-09-20,-1.2971381857362543
2011-09-21,-1.349500402125823
2011-09-22,-1.4046341255815817
2011-09-23,-1.3944521718143488
2011-09-26,-1.3551471625120175
2011-09-27,-1.336724792013225
2011-09-28,-1.3727692047670976
2011-09-29,-1.3589264903295493
2011-09-30,-1.4018774394087936
2011-10-03,-1.4495858952701077
2011-10-04,-1.4129486467801518
2011-10-05,-1.3831882928287638
2011-10-06,-1.3521533420447962
2011-10-07,-1.3662480116701798
2011-10-10,-1.3078092289857557
2011-10-11,-1.3068458709146205
2011-10-12,-1.289490604740778
2011-10-13,-1.2948113054721266
2011-10-14,-1.2638059964749635
2011-10-17,-1.298961155624711
2011-10-18,-1.2626203250027965
2011-10-19,-1.2855927097760294
2011-10-20,-1.2774263975114801
2011-10-21,-1.2435458351943123
2011-10-24,-1.2199213311113877
2011-10-25,-1.2571810571242312
2011-10-26,-1.2379880001685302
2011-10-27,-1.1748658151690474
2011-10-28,-1.174124770498943
2011-10-31,-1.2212403906241733
2011-11-01,-1.2731431593182776
2011-11-02,-1.2440645664633851
2011-11-03,-1.209605989303536
2011-11-04,-1.2213441368779878
2011-11-07,-1.2096504519837425
2011-11-08,-1.1877155297486555
2011-11-09,-1.257106952657221
2011-11-10,-1.2413968056510098
2011-11-11,-1.205604348084973
2011-11-14,-1.2234931664212905
2011-11-15,-1.2145561676998329
2011-11-16,-1.2455318349101916
2011-11-17,-1.2763296513997258
2011-11-18,-1.277041054283026
2011-11-21,-1.3106400196255543
2011-11-22,-1.3179615409661847
2011-11-23,-1.3568663861466597
2011-11-25,-1.36149050488811
2011-11-28,-1.311277318041844
2011-11-29,-1.3073646021836933
2011-11-30,-1.2306368370410956
2011-12-01,-1.234164209670792
2011-12-02,-1.2346088364728547
2011-12-05,-1.2156380929181851
2011-12-06,-1.213577988735295
2011-12-07,-1.2098134818111652
2011-12-08,-1.249325983621126
2011-12-09,-1.2184392417711791
2011-12-12,-1.2461839542198836
2011-12-13,-1.2621015937337237
2011-12-14,-1.2827174564560249
2011-12-15,-1.2768928453490052
2011-12-16,-1.2710978760287894
2011-12-19,-1.2923065744871745
2011-12-20,-1.2390254627066764
2011-12-21,-1.2354388065033715
2011-12-22,-1.2202029280860274
2011-12-23,-1.2034108558614645
2011-12-27,-1.2032626469274432
2011-12-28,-1.2266648376093365
2011-12-29,-1.206834482237346
2011-12-30,-1.2148674064612766
2012-01-03,-1.1860259479008177
2012-01-04,-1.1856702464591677
2012-01-05,-1.1800975905399835
2012-01-06,-1.1849143808956615
2012-01-09,-1.1806311427024585
2012-01-10,-1.163764966010885
2012-01-11,-1.1631721302748015
2012-01-12,-1.1586962204673716
2012-01-13,-1.1681964131381088
2012-01-17,-1.1614084439599532
2012-01-18,-1.1401108201411563
2012-01-19,-1.1305365230034088
2012-01-20,-1.1292322843840252
2012-01-23,-1.128313388993096
2012-01-24,-1.1303142096023775
2012-01-25,-1.113403570230598
2012-01-26,-1.124711911896389
2012-01-27,-1.1278242995108274
2012-01-30,-1.1327448361203196
2012-01-31,-1.1336340897244446
2012-02-01,-1.1163232862308088
2012-02-02,-1.1141742566875064
2012-02-03,-1.0854810070610683
2012-02-06,-1.0863257979849874
2012-02-07,-1.08229451497962
2012-02-08,-1.077981634999613
2012-02-09,-1.075032277212598
2012-02-10,-1.0888305289699396
2012-02-13,-1.0752990532938356
2012-02-14,-1.0771813067559004
2012-02-15,-1.0879560962592167
2012-02-16,-1.0660063531307278
2012-02-17,-1.0612784881354624
2012-02-21,-1.0598260405820579
2012-02-22,-1.066569547080007
2012-02-23,-1.0579734289067972
2012-02-24,-1.0545942652111218
2012-02-27,-1.051852399931736
2012-02-28,-1.0450496098601785
2012-02-29,-1.0546831905715341
2012-03-01,-1.0422188192203803
2012-03-02,-1.0488289376777102
2012-03-05,-1.056684011180816
2012-03-06,-1.0877634246449897
2012-03-07,-1.074024456461256
2012-03-08,-1.0543423100232863
2012-03-09,-1.046991146895852
2012-03-12,-1.0466650872410062
2012-03-13,-1.0098203462434208
2012-03-14,-1.0122954354415692
2012-03-15,-0.999964452131034
2012-03-16,-0.9976375718669064
2012-03-19,-0.9893675133485427
2012-03-20,-0.995636751257625
2012-03-21,-0.9995346462223733
2012-03-22,-1.0145185694518821
2012-03-23,-1.008101122608779
2012-03-26,-0.9793485894087327
2012-03-27,-0.9852621258761649
2012-03-28,-0.9956071094708208
2012-03-29,-0.9989566313796922
2012-03-30,-0.9912645877040096
2012-04-02,-0.975598903378005
2012-04-03,-0.9839875290435853
2012-04-04,-1.005359257329393
2012-04-05,-1.0066634959487768
2012-04-09,-1.0301990746712886
2012-04-10,-1.0651912039936131
2012-04-11,-1.0501924598707022
2012-04-12,-1.0222402549143688
2012-04-13,-1.047895221393379
2012-04-16,-1.048917863038123
2012-04-17,-1.0174827481322992
2012-04-18,-1.0258417320110753
2012-04-19,-1.03802450638759
2012-04-20,-1.0356383425498543
2012-04-23,-1.0528157580028714
2012-04-24,-1.0453608486216224
2012-04-25,-1.017616136172918
2012-04-26,-1.0038475262023803
2012-04-27,-0.9988380642324756
2012-04-30,-1.006915451136612
2012-05-01,-0.9951921244555624
2012-05-02,-1.0003942580396945
2012-05-03,-1.0163118975535346
2012-05-04,-1.0496144450280211
2012-05-07,-1.048903042144721
2012-05-08,-1.057588085678343
2012-05-09,-1.0711343822478496
2012-05-10,-1.0660804575977383
2012-05-11,-1.0728980685626974
2012-05-14,-1.0951886922394347
2012-05-15,-1.1065859592656382
2012-05-16,-1.1152710027992607
2012-05-17,-1.1448238642430197
2012-05-18,-1.15911120548263
2012-05-21,-1.1283282098864982
2012-05-22,-1.1273796727087644
2012-05-23,-1.1240746134800996
2012-05-24,-1.12137721088092
2012-05-25,-1.1256159863939166
2012-05-29,-1.1039774820268713
2012-05-30,-1.1322853884248552
2012-05-31,-1.1367168355520787
2012-06-01,-1.1845735003474134
2012-06-04,-1.184366007839784
2012-06-05,-1.1735171138694573
2012-06-06,-1.1296028067190773
2012-06-07,-1.1298102992267067
2012-06-08,-1.1139964059666811
2012-06-11,-1.1387917606283706
2012-06-12,-1.1161898981901899
2012-06-13,-1.1299733290541294
2012-06-14,-1.108898018636364
2012-06-15,-1.0885341111018982
2012-06-18,-1.0856588577818935
2012-06-19,-1.0660952784911402
2012-06-20,-1.0694892630802177
2012-06-21,-1.1142187193677124
2012-06-22,-1.100124049742329
2012-06-25,-1.1316925526887716
2012-06-26,-1.1223998525256638
2012-06-27,-1.1048222729507904
2012-06-28,-1.1089869439967763
2012-06-29,-1.0599001450490684
2012-07-02,-1.0549351457593699
2012-07-03,-1.0423225654741948
2012-07-05,-1.051867220825138
2012-07-06,-1.0709861733138284
2012-07-09,-1.0742764116490915
2012-07-10,-1.0905645734979836
2012-07-11,-1.0905942152847878
2012-07-12,-1.1005093929707832
2012-07-13,-1.0678737856993905
2012-07-16,-1.0725275462276453
2012-07-17,-1.0576621901453533
2012-07-18,-1.0441603562560535
2012-07-19,-1.0386321630170754
2012-07-20,-1.059159100378964
2012-07-23,-1.0771516649690962
2012-07-24,-1.095247975813043
2012-07-25,-1.0958704533359303
2012-07-26,-1.0630718162371149
2012-07-27,-1.0246115978587025
2012-07-30,-1.0256045977166421
2012-07-31,-1.0344674919710894
2012-08-01,-1.0403958493319239
2012-08-02,-1.0556910113228761
2012-08-03,-1.0171715093708553
2012-08-06,-1.0123695399085797
2012-08-07,-1.0018170638062946
2012-08-08,-1.0005276460803132
2012-08-09,-0.9996680342629922
2012-08-10,-0.9951180199885521
2012-08-13,-0.9977264972273191
2012-08-14,-0.9979932733085564
2012-08-15,-0.9956219303642229
2012-08-16,-0.9808306787489413
2012-08-17,-0.9769031419973885
2012-08-20,-0.9769476046775947
2012-08-21,-0.9842987678050292
2012-08-22,-0.9838244992161626
2012-08-23,-1.0007351385879424
2012-08-24,-0.9873222300590546
2012-08-27,-0.9883448717037986
2012-08-28,-0.9900344535516366
2012-08-29,-0.9882707672367883
2012-08-30,-1.0045885708724847
2012-08-31,-0.9940657365570039
2012-09-04,-0.9964963630749458
2012-09-05,-0.9987194970852586
2012-09-06,-0.9562131748080771
2012-09-07,-0.9476170566348672
2012-09-10,-0.960718726402311
2012-09-11,-0.9540789661581767
2012-09-12,-0.9496326981375509
2012-09-13,-0.9149073448964641
2012-09-14,-0.9063408685100586
2012-09-17,-0.9131288376882137
2012-09-18,-0.915900344754404
2012-09-19,-0.913336330195843
2012-09-20,-0.9145071807746078
2012-09-21,-0.9146702106020306
2012-09-24,-0.9195018218511105
2012-09-25,-0.9421777887563019
2012-09-26,-0.9544346675998268
2012-09-27,-0.933937372024742
2012-09-28,-0.9435413109492936
2012-10-01,-0.9378797296696969
2012-10-02,-0.9360122971010342
2012-10-03,-0.9282461489583412
2012-10-04,-0.9128175989267698
2012-10-05,-0.9135141809166679
2012-10-08,-0.9209987320847212
2012-10-09,-0.9423408185837246
2012-10-10,-0.9555610554983852
2012-10-11,-0.9551460704831268
2012-10-12,-0.9614449501790133
2012-10-15,-0.9443416391930062
2012-10-16,-0.9224215378513214
2012-10-17,-0.9135438227034721
2012-10-18,-0.918834881648017
2012-10-19,-0.9546273392140537
2012-10-22,-0.9536936229297225
2012-10-23,-0.984387693165442
2012-10-24,-0.9908496026887512
2012-10-25,-0.984595185673071
2012-10-26,-0.9861217376934858
2012-10-31,-0.9857956780386399
2012-11-01,-0.9629270395192219
2012-11-02,-0.9827722157846144
2012-11-05,-0.9782370224035762
2012-11-06,-0.9617413680470548
2012-11-07,-1.011924913106517
2012-11-08,-1.0371500736768668
2012-11-09,-1.033681984620779
2012-11-12,-1.0334152085395414
2012-11-13,-1.0415666999106885
2012-11-14,-1.0697856809482595
2012-11-15,-1.0729869939231103
2012-11-16,-1.0632793087447439
2012-11-19,-1.0232480756657103
2012-11-20,-1.0218845534727188
2012-11-21,-1.0171122257972471
2012-11-23,-0.9902567669526676
2012-11-26,-0.9944955424656643
2012-11-27,-1.0053888991161972
2012-11-28,-0.989100737267305
2012-11-29,-0.9801785594392495
2012-11-30,-0.9798376788910015
2012-12-03,-0.989797319257203
2012-12-04,-0.9933691545671058
2012-12-05,-0.9900640953384408
2012-12-06,-0.9831575590130687
2012-12-07,-0.9770365300380074
2012-12-10,-0.9763251271547073
2012-12-11,-0.9625565171841697
2012-12-12,-0.9616079800064361
2012-12-13,-0.9749912467485194
2012-12-14,-0.983691111175544
2012-12-17,-0.9588216520468442
2012-12-18,-0.9344709241872172
2012-12-19,-0.9507442651427074
2012-12-20,-0.9390654011418637
2012-12-21,-0.9591328908082877
2012-12-24,-0.9643053826056156
2012-12-26,-0.9744280527992404
2012-12-27,-0.9769920673578012
2012-12-28,-1.0002164073188693
2012-12-31,-0.9650019645955137
2013-01-02,-0.9113058677997572
2013-01-03,-0.9158262402873936
2013-01-04,-0.9053034059719125
2013-01-07,-0.9120913751500677
2013-01-08,-0.9191164786226563
2013-01-09,-0.9133807928760493
2013-01-10,-0.8969296011997343
2013-01-11,-0.8970333474535488
2013-01-14,-0.8990638098496344
2013-01-15,-0.8966035415448884
2013-01-16,-0.8961737356362276
2013-01-17,-0.8838575732190945
2013-01-18,-0.8763878429444434
2013-01-22,-0.866635695085871
2013-01-23,-0.8633009940704018
2013-01-24,-0.8632861731769997
2013-01-25,-0.8512219659477018
2013-01-28,-0.8553421743134816
2013-01-29,-0.8439893699674842
2013-01-30,-0.8527040552879104
2013-01-31,-0.8584100992477136
2013-02-01,-0.8360898337841722
2013-02-04,-0.861967113664214
2013-02-05,-0.8388761617437646
2013-02-06,-0.8376460275913915
2013-02-07,-0.8416921314901606
2013-02-08,-0.8290350885247795
2013-02-11,-0.8303986107177714
2013-02-12,-0.8268119545144667
2013-02-13,-0.8254780741082791
2013-02-14,-0.8239218803010598
2013-02-15,-0.8262784023519917
2013-02-19,-0.809753106208666
2013-02-20,-0.8378979827792268
2013-02-21,-0.8520222941914144
2013-02-22,-0.8324883566874657
2013-02-25,-0.8736163358782535
2013-02-26,-0.8601441437757573
2013-02-27,-0.8319103418447842
2013-02-28,-0.8338518788804573
2013-03-01,-0.8286349244029232
2013-03-04,-0.8182602990214632
2013-03-05,-0.7966366155478203
2013-03-06,-0.7941615263496719
2013-03-07,-0.790011676197088
2013-03-08,-0.7797556179628445
2013-03-11,-0.7722858876881934
2013-03-12,-0.7778289018205735
2013-03-13,-0.774805439566548
2013-03-14,-0.7618964414133313
2013-03-15,-0.765646127444059
2013-03-18,-0.7783920957698529
2013-03-19,-0.7839647516890371
2013-03-20,-0.768595485231074
2013-03-21,-0.7877292586131668
2013-03-22,-0.7712928878302535
2013-03-25,-0.7789997523993382
2013-03-26,-0.7610961131696188
2013-03-27,-0.7624596353626107
2013-03-28,-0.7530631889456882
2013-04-01,-0.7634674561139524
2013-04-02,-0.7514921742450672
2013-04-03,-0.7760355737189211
2013-04-04,-0.7667132317690092
2013-04-05,-0.7766432303484067
2013-04-08,-0.7621335757077649
2013-04-09,-0.7539228007630094
2013-04-10,-0.7255852525782214
2013-04-11,-0.7172262686994453
2013-04-12,-0.723925312517188
2013-04-15,-0.7780067525413987
2013-04-16,-0.7450895482953663
2013-04-17,-0.7785254838104716
2013-04-18,-0.7939392129486408
2013-04-19,-0.7737235143481958
2013-04-22,-0.7629783666316836
2013-04-23,-0.7388499521730881
2013-04-24,-0.7388351312796861
2013-04-25,-0.7293942221825573
2013-04-26,-0.7337219230559665
2013-04-29,-0.7168705672577952
2013-04-30,-0.7110014934705692
2013-05-01,-0.7330401619594704
2013-05-02,-0.7109718516837651
2013-05-03,-0.6860282880880546
2013-05-06,-0.6814634529202123
2013-05-07,-0.6689249771020478
2013-05-08,-0.658950515842444
2013-05-09,-0.6678726936704996
2013-05-10,-0.6574536056088334
2013-05-13,-0.6573498593550189
2013-05-14,-0.632791638987763
2013-05-15,-0.6202828049564026
2013-05-16,-0.6325989673735357
2013-05-17,-0.6074034485899901
2013-05-20,-0.6091523140114362
2013-05-21,-0.6048987176050374
2013-05-22,-0.6253663713933181
2013-05-23,-0.6325396837999274
2013-05-24,-0.6338883850995174
2013-05-28,-0.6183857306009357
2013-05-29,-0.635726175881376
2013-05-30,-0.6267595353731139
2013-05-31,-0.6618405900558508
2013-06-03,-0.6474939652426318
2013-06-04,-0.6608920528781173
2013-06-05,-0.6942094212460058
2013-06-06,-0.673964080858757
2013-06-07,-0.6431069807956143
2013-06-10,-0.6439517717195335
2013-06-11,-0.6686730219142122
2013-06-12,-0.688844257834451
2013-06-13,-0.6535112479638788
2013-06-14,-0.6677837683100872
2013-06-17,-0.6495392485321198
2013-06-18,-0.6306129676576564
2013-06-19,-0.6645231717616282
2013-06-20,-0.7249034914817254
2013-06-21,-0.718619432679241
2013-06-24,-0.747283040518875
2013-06-25,-0.7251406257761589
2013-06-26,-0.7025684051247824
2013-06-27,-0.687836437083109
2013-06-28,-0.6980924953173525
2013-07-01,-0.685227959844342
2013-07-02,-0.6865321984637257
2013-07-03,-0.684561019641248
2013-07-05,-0.6601361873146109
2013-07-08,-0.6474346816690235
2013-07-09,-0.62985710209415
2013-07-10,-0.6294124752920875
2013-07-11,-0.5962136740714155
2013-07-12,-0.588551272182537
2013-07-15,-0.5851276458066553
2013-07-16,-0.5943758832895568
2013-07-17,-0.5874841678575868
2013-07-18,-0.5749456920394226
2013-07-19,-0.5709144090340552
2013-07-22,-0.5658160217037377
2013-07-23,-0.5704697822319924
2013-07-24,-0.5800292584763377
2013-07-25,-0.5736414534200389
2013-07-26,-0.5715665283437468
2013-07-29,-0.5809333329738652
2013-07-30,-0.5799996166895336
2013-07-31,-0.5803404972377816
2013-08-01,-0.5490091285857727
2013-08-02,-0.5448592784331884
2013-08-05,-0.5486089644639159
2013-08-06,-0.563088977317754
2013-08-07,-0.5726632744555011
2013-08-08,-0.5629259474903309
2013-08-09,-0.5719074088919948
2013-08-12,-0.5747974831054016
2013-08-13,-0.5678464840998233
2013-08-14,-0.5808444076134524
2013-08-15,-0.6165182980322729
2013-08-16,-0.6246549685100179
2013-08-19,-0.6391349813638556
2013-08-20,-0.6298126394139438
2013-08-21,-0.6439665926129355
2013-08-22,-0.6229802075555821
2013-08-23,-0.6132873432706181
2013-08-26,-0.6232469836368197
2013-08-27,-0.662225933284305
2013-08-28,-0.6555861730401706
2013-08-29,-0.6508286662581011
2013-08-30,-0.6585355308271857
2013-09-03,-0.6484573233137675
2013-09-04,-0.6287307141955916
2013-09-05,-0.6257665355151744
2013-09-06,-0.6256331474745553
2013-09-09,-0.6011193897875057
2013-09-10,-0.5829193326897445
2013-09-11,-0.5753013934810723
2013-09-12,-0.5837641236136633
2013-09-13,-0.5769909753289102
2013-09-16,-0.562748096769506
2013-09-17,-0.5521363370936125
2013-09-18,-0.5213681623908827
2013-09-19,-0.526081206492746
2013-09-20,-0.5445035769915383
2013-09-23,-0.5564640379670217
2013-09-24,-0.5630148728507434
2013-09-25,-0.5699065882827133
2013-09-26,-0.5611622611754826
2013-09-27,-0.571418319409726
2013-09-30,-0.5865356306798535
2013-10-01,-0.5666015290540481
2013-10-02,-0.568276290008484
2013-10-03,-0.5908188688730561
2013-10-04,-0.5732709310849867
2013-10-07,-0.5945833757971861
2013-10-08,-0.6252181624592971
2013-10-09,-0.6238101775860988
2013-10-10,-0.5702178270441571
2013-10-11,-0.5544483964643379
2013-10-14,-0.5441626964432903
2013-10-15,-0.56206633567301
2013-10-16,-0.5272668779649128
2013-10-17,-0.5100598207250912
2013-10-18,-0.493238106713724
2013-10-21,-0.4930009724192905
2013-10-22,-0.4781652581238027
2013-10-23,-0.4904517787541317
2013-10-24,-0.4820186904083452
2013-10-25,-0.47060660248873915
2013-10-28,-0.4671385134326512
2013-10-29,-0.4525547543249987
2013-10-30,-0.4653600062244009
2013-10-31,-0.47539375105761283
2013-11-01,-0.467835095422549
2013-11-04,-0.4585127534726371
2013-11-05,-0.46586391660007165
2013-11-06,-0.4547186047617032
2013-11-07,-0.48931056996217115
2013-11-08,-0.45454075404087835
2013-11-11,-0.4526436796854111
2013-11-12,-0.4588684549142872
2013-11-13,-0.4376597564559026
2013-11-14,-0.4248841463433049
2013-11-15,-0.41367955093132786
2013-11-18,-0.423535445043715
2013-11-19,-0.42895989202887846
2013-11-20,-0.4385934727402342
2013-11-21,-0.41713281909401406
2013-11-22,-0.4039274030727556
2013-11-25,-0.4073065667684311
2013-11-26,-0.4069064026465748
2013-11-27,-0.40026664240244036
2013-11-29,-0.40237120926553666
2013-12-02,-0.40964826792596054
2013-12-03,-0.4181702816321598
2013-12-04,-0.42163837068824805
2013-12-05,-0.4331690257550707
2013-12-06,-0.4034383135904869
2013-12-09,-0.3985770605546028
2013-12-10,-0.40709907426080205
2013-12-11,-0.4373336968010567
2013-12-12,-0.44729333716725833
2013-12-13,-0.447560113248496
2013-12-16,-0.4309310708513558
2013-12-17,-0.4391418457961112
2013-12-18,-0.395197896858927
2013-12-19,-0.39675409066614625
2013-12-20,-0.3838302716195275
2013-12-23,-0.3694984676997105
2013-12-24,-0.36159893151639894
2013-12-26,-0.3487047542565843
2013-12-27,-0.34962364964751347
2013-12-30,-0.3501127391297825
2013-12-31,-0.3393083078396621
2014-01-02,-0.3635849312322783
2014-01-03,-0.3644890057298057
2014-01-06,-0.371306616694765
2014-01-07,-0.3548406041250476
2014-01-08,-0.3554186189677291
2014-01-09,-0.35447008178999545
2014-01-10,-0.34818602298751145
2014-01-13,-0.38252603300014376
2014-01-14,-0.35335851478483904
2014-01-15,-0.3392786660528576
2014-01-16,-0.34296906850997694
2014-01-17,-0.35362529086607664
2014-01-21,-0.3460666352310131
2014-01-22,-0.34449562053039207
2014-01-23,-0.3688018857098124
2014-01-24,-0.4253732358255736
2014-01-27,-0.4383118757655945
2014-01-28,-0.42209781838371263
2014-01-29,-0.4492200533095294
2014-01-30,-0.41959308739876006
2014-01-31,-0.4367853237451797
2014-02-03,-0.4971063598916682
2014-02-04,-0.4773797507734922
2014-02-05,-0.4826559888246346
2014-02-06,-0.45036126210148997
2014-02-07,-0.4153987745659699
2014-02-10,-0.41121928262658186
2014-02-11,-0.3817108838630291
2014-02-12,-0.3824371076397313
2014-02-13,-0.36677142331372686
2014-02-14,-0.3537290371198912
2014-02-18,-0.3505721868252471
2014-02-19,-0.368372079801152
2014-02-20,-0.3520246343786515
2014-02-21,-0.3572564097495877
2014-02-24,-0.3404198748448185
2014-02-25,-0.3441102773019379
2014-02-26,-0.34405099372832926
2014-02-27,-0.3305195180522252
2014-02-28,-0.3228719370567488
2014-03-03,-0.34320620280441044
2014-03-04,-0.30144092519733284
2014-03-05,-0.3015891341313539
2014-03-06,-0.2968168064558823
2014-03-07,-0.29531989622227167
2014-03-10,-0.29660931394825296
2014-03-11,-0.3107484462538426
2014-03-12,-0.30990365532992387
2014-03-13,-0.3423021283068834
2014-03-14,-0.35002381376936975
2014-03-17,-0.3237908324476783
2014-03-18,-0.3039011935020792
2014-03-19,-0.3209155791276736
2014-03-20,-0.30425689494372926
2014-03-21,-0.31239356542147434
2014-03-24,-0.3258509366305681
2014-03-25,-0.3137274458276622
2014-03-26,-0.33308353261078605
2014-03-27,-0.33830048708832017
2014-03-28,-0.32558416054933076
2014-03-31,-0.3037678054614606
2014-04-01,-0.28423386795751154
2014-04-02,-0.27626022730718924
2014-04-03,-0.27941707760183365
2014-04-04,-0.3145129531779727
2014-04-07,-0.34422884444915447
2014-04-08,-0.33397278621491105
2014-04-09,-0.3040049397558937
2014-04-10,-0.36195463295804897
2014-04-11,-0.38772816658427584
2014-04-14,-0.3656153936283642
2014-04-15,-0.347281948489984
2014-04-16,-0.3186331615437525
2014-04-17,-0.31486865461962277
2014-04-21,-0.30443474566455414
2014-04-22,-0.29308194131855675
2014-04-23,-0.29924743297382417
2014-04-24,-0.29447510529835286
2014-04-25,-0.3170176841629249
2014-04-28,-0.3080806854414673
2014-04-29,-0.29489009031361124
2014-04-30,-0.2865607482216389
2014-05-01,-0.2869609123434952
2014-05-02,-0.2907254192676249
2014-05-05,-0.28550846479009073
2014-05-06,-0.310615058213224
2014-05-07,-0.29506794103443607
2014-05-08,-0.2988917315321741
2014-05-09,-0.2946677769125798
2014-05-12,-0.26773821360099
2014-05-13,-0.2665525421288232
2014-05-14,-0.27977277904348374
2014-05-15,-0.30597611857837137
2014-05-16,-0.29558667230350927
2014-05-19,-0.2848859872672034
2014-05-20,-0.30304158168475837
2014-05-21,-0.280513823713588
2014-05-22,-0.27390370525625773
2014-05-23,-0.2619877069609809
2014-05-27,-0.24512153026940722
2014-05-28,-0.24827838056405163
2014-05-29,-0.2330869648269138
2014-05-30,-0.22784036856257553
2014-06-02,-0.22576544348628338
2014-06-03,-0.22684736870463568
2014-06-04,-0.22145256350627632
2014-06-05,-0.20280787960645263
2014-06-06,-0.18949871733137966
2014-06-09,-0.18678649383879808
2014-06-10,-0.1874978967220982
2014-06-11,-0.19772431316953715
2014-06-12,-0.21814750427761154
2014-06-13,-0.2091808637693494
2014-06-16,-0.20677987903821168
2014-06-17,-0.20054028291593357
2014-06-18,-0.1783237637062071
2014-06-19,-0.17461854035568566
2014-06-20,-0.1695942574923788
2014-06-23,-0.169979600720833
2014-06-24,-0.1886983890876671
2014-06-25,-0.1745444358886753
2014-06-26,-0.17796806226455703
2014-06-27,-0.17242504813217696
2014-06-30,-0.17350697335052925
2014-07-01,-0.1541064238871992
2014-07-02,-0.15217970774492812
2014-07-03,-0.13614350108387116
2014-07-07,-0.14768897704409586
2014-07-08,-0.1683493024466034
2014-07-09,-0.1548326476639014
2014-07-10,-0.16691167578660104
2014-07-11,-0.16262843759339846
2014-07-14,-0.14850412618121084
2014-07-15,-0.1541657074608075
2014-07-16,-0.14187918683047848
2014-07-17,-0.17663418185836952
2014-07-18,-0.14684418612017705
2014-07-21,-0.15364697619173429
2014-07-22,-0.13897429172366962
2014-07-23,-0.1338166208197438
2014-07-24,-0.13237899415974144
2014-07-25,-0.1466663353993522
2014-07-28,-0.14582154447543308
2014-07-29,-0.1591010649637019
2014-07-30,-0.15892321424287703
2014-07-31,-0.21731753424709446
2014-08-01,-0.22549866740504576
2014-08-04,-0.20498655093655926
2014-08-05,-0.23282018874567617
2014-08-06,-0.23277572606546995
2014-08-07,-0.2485896193254955
2014-08-08,-0.21595401205410283
2014-08-11,-0.20805447587079093
2014-08-12,-0.21275269907925218
2014-08-13,-0.193530000336747
2014-08-14,-0.18099152451858244
2014-08-15,-0.18116937523940765
2014-08-18,-0.15644812504472863
2014-08-19,-0.14183472415027226
2014-08-20,-0.13455766548984807
2014-08-21,-0.125872621956226
2014-08-22,-0.13175651663685373
2014-08-25,-0.11764702611806817
2014-08-26,-0.11453463850363031
2014-08-27,-0.1143864295696096
2014-08-28,-0.11939589153951438
2014-08-29,-0.10956963921393174
2014-09-02,-0.11118511659475896
2014-09-03,-0.11349717596548424
2014-09-04,-0.11804719023992447
2014-09-05,-0.10313737147742633
2014-09-08,-0.11228186270651332
2014-09-09,-0.13169723306324543
2014-09-10,-0.12095208534673331
2014-09-11,-0.11834360810796624
2014-09-12,-0.13599529214985043
2014-09-15,-0.13808503811954428
2014-09-16,-0.11607601141744717
2014-09-17,-0.1122374000263071
2014-09-18,-0.09772774538566525
2014-09-19,-0.0991505511522652
2014-09-22,-0.12302701042302544
2014-09-23,-0.14010067962222814
2014-09-24,-0.11708383216878909
2014-09-25,-0.1649701387509279
2014-09-26,-0.13998211247501155
2014-09-29,-0.14746666364306477
2014-09-30,-0.15563297590761396
2014-10-01,-0.1943599703672637
2014-10-02,-0.19434514947386164
2014-10-03,-0.1621393481111294
2014-10-06,-0.16670418327897202
2014-10-07,-0.21075187846997076
2014-10-08,-0.1606720796643229
2014-10-09,-0.22096347402400762
2014-10-10,-0.2536880066558127
2014-10-13,-0.30021079104495985
2014-10-14,-0.29582380659794244
2014-10-15,-0.31836638546251483
2014-10-16,-0.31796622134065855
2014-10-17,-0.2823960771756529
2014-10-20,-0.25683003605705507
2014-10-21,-0.2015925663474817
2014-10-22,-0.22259377229823724
2014-10-23,-0.187453434041892
2014-10-24,-0.1670598847206221
2014-10-27,-0.1714320482742371
2014-10-28,-0.13672151592655263
2014-10-29,-0.14079726161212622
2014-10-30,-0.12249345826055016
2014-10-31,-0.08781256769966984
2014-11-03,-0.08816826914131991
2014-11-04,-0.0966309992739109
2014-11-05,-0.07963143454171857
2014-11-06,-0.06830827198252495
2014-11-07,-0.06725598855097681
2014-11-10,-0.0578595421340546
2014-11-11,-0.055754975270958324
2014-11-12,-0.057874363027456674
2014-11-13,-0.056273706540031526
2014-11-14,-0.05554748276332931
2014-11-17,-0.053324348753016455
2014-11-18,-0.03779205246763028
2014-11-19,-0.042356887635473246
2014-11-20,-0.03638406759443241
2014-11-21,-0.02045160718719029
2014-11-24,-0.01169245918655786
2014-11-25,-0.015219831816253743
2014-11-26,-0.006623713643044444
2014-11-28,-0.014434324465943579
2014-12-01,-0.03536142594968842
2014-12-02,-0.015931234699553883
2014-12-03,-0.00440057963273159
2014-12-04,-0.007972414942634027
2014-12-05,-0.0028592067189147316
2014-12-08,-0.025179472182455708
2014-12-09,-0.025905695959157583
2014-12-10,-0.0758224649373823
2014-12-11,-0.0622020639008658
2014-12-12,-0.1111110121277486
2014-12-15,-0.12993354674839716
2014-12-16,-0.15496603570452006
2014-12-17,-0.09546014869514585
2014-12-18,-0.023815949989463715
2014-12-19,-0.009854668404698883
2014-12-22,0.0018390164895465417
2014-12-23,0.0072190007945038106
2014-12-24,0.00678919488584338
2014-12-26,0.017000790439880235
2014-12-29,0.01966855125225593
2014-12-30,0.004521598195323971
2014-12-31,-0.027269218152149576
2015-01-02,-0.028306680690295977
2015-01-05,-0.0840628816689422
2015-01-06,-0.11069602711249024
2015-01-07,-0.07617816637903237
2015-01-08,-0.022467248689874132
2015-01-09,-0.048151856955688535
2015-01-12,-0.0726804355361403
2015-01-13,-0.08043176278543114
2015-01-14,-0.0978611334262839
2015-01-15,-0.12542799515416317
2015-01-16,-0.08578210530358393
2015-01-20,-0.08114316566873128
2015-01-21,-0.06695957068293537
2015-01-22,-0.020970338456263154
2015-01-23,-0.03776241068082614
2015-01-26,-0.029951799857927005
2015-01-27,-0.0707685402872713
2015-01-28,-0.11136296731558383
2015-01-29,-0.08306988181100236
2015-01-30,-0.12198954788487938
2015-02-02,-0.08366271754708592
2015-02-03,-0.04041535059979943
2015-02-04,-0.05304275177837675
2015-02-05,-0.021904054740594717
2015-02-06,-0.0323527845890654
2015-02-09,-0.045291424529085904
2015-02-10,-0.012907772445528456
2015-02-11,-0.012996697805940888
2015-02-12,0.016570984531219805
2015-02-13,0.02918356481639438
2015-02-17,0.034148564106093626
2015-02-18,0.033170385141555514
2015-02-19,0.029865325912890376
2015-02-20,0.04891017393457103
2015-02-23,0.04796163675683707
2015-02-24,0.05658739671685118
2015-02-25,0.05418641198571346
2015-02-26,0.049562293244262215
2015-02-27,0.04031405576136106
2015-03-02,0.05941818735664933
2015-03-03,0.04517530879724547
2015-03-04,0.0314659824003162
2015-03-05,0.03518602664423936
2015-03-06,-0.008950593907171468
2015-03-09,0.0031580760023319798
2015-03-10,-0.0491152150268239
2015-03-11,-0.0549250052404416
2015-03-12,-0.016820488303679566
2015-03-13,-0.035420709523296706
2015-03-16,0.005766553241099386
2015-03-17,-0.004474684099741614
2015-03-18,0.032903609060318216
2015-03-19,0.01774183510998452
2015-03-20,0.04564957738611178
2015-03-23,0.04019548861414449
2015-03-24,0.021046894338649657
2015-03-25,-0.024082726070701017
2015-03-26,-0.031344963837723144
2015-03-27,-0.02412718875090757
2015-03-30,0.013251104409152257
2015-03-31,-0.01394523498367486
2015-04-01,-0.02609836757338486
2015-04-02,-0.015323578070068586
2015-04-06,0.004921762317180258
2015-04-07,-0.0014364009523144508
2015-04-08,0.0068188366726475245
2015-04-09,0.02057262574978267
2015-04-10,0.036697757771252074
2015-04-13,0.022425237425043383
2015-04-14,0.027479162075155064
2015-04-15,0.043470906056005475
2015-04-16,0.04104027953806293
2015-04-17,0.005751732347696977
2015-04-20,0.03423748946650606
2015-04-21,0.02962819161845722
2015-04-22,0.045442084878482766
2015-04-23,0.05280806889931906
2015-04-24,0.059862814158712176
2015-04-27,0.04686489064508305
2015-04-28,0.05552029239190131
2015-04-29,0.043796965710851066
2015-04-30,0.012169179190800648
2015-05-01,0.04593117436075148
2015-05-04,0.055120128270044345
2015-05-05,0.01802343208462423
2015-05-06,0.004225180327282528
2015-05-07,0.015859581647919663
2015-05-08,0.057506292107780334
2015-05-11,0.04154418991373406
2015-05-12,0.032340415111038794
2015-05-13,0.0313918779333055
2015-05-14,0.06491673880882318
2015-05-15,0.06733254443336331
2015-05-18,0.07692166246451246
2015-05-19,0.07489120006842688
2015-05-20,0.07195666317481389
2015-05-21,0.07932264719565085
2015-05-22,0.07226790193625773
2015-05-26,0.03986942895929822
2015-05-27,0.06844411143851974
2015-05-28,0.0644572911133586
2015-05-29,0.04459729395456364
2015-06-01,0.05102956169106904
2015-06-02,0.047872711396424635
2015-06-03,0.05449765074715732
2015-06-04,0.027479162075155064
2015-06-05,0.023018073161126945
2015-06-08,0.002935762601301234
2015-06-09,0.004225180327282528
2015-06-10,0.04135151829950679
2015-06-11,0.046775965284670616
2015-06-12,0.024915147516594214
2015-06-15,0.010568522703374827
2015-06-16,0.028146102278248653
2015-06-17,0.03429677304011435
2015-06-18,0.06512423131645219
2015-06-19,0.04845072623910578
2015-06-22,0.06751039515418818
2015-06-23,0.06951121576346961
2015-06-24,0.04636098026941192
2015-06-25,0.03706828010630421
2015-06-26,0.03585296684733294
2015-06-29,-0.029136650720812698
2015-06-30,-0.021029622029871443
2015-07-01,0.0001790764285131056
2015-07-02,-0.0007694607492201901
2015-07-06,-0.012655817257692891
2015-07-07,0.005988866642130806
2015-07-08,-0.045380349889498336
2015-07-09,-0.038518276244332836
2015-07-10,-0.0010065950436540195
2015-07-13,0.033051817994338935
2015-07-14,0.04690935332528893
2015-07-15,0.044612114847966046
2015-07-16,0.0696446038040886
2015-07-17,0.07312751375357861
2015-07-20,0.07555814027152113
2015-07-21,0.06211558995582917
2015-07-22,0.05461621789437389
2015-07-23,0.03683114581187106
2015-07-24,0.0034841356571782426
2015-07-27,-0.014315757318727002
2015-07-28,0.023640550684014654
2015-07-29,0.04634615937601018
2015-07-30,0.04643508473642261
2015-07-31,0.03933587679682362
2015-08-03,0.03073975862361365
2015-08-04,0.023744296937829496
2015-08-05,0.033407519435989345
2015-08-06,0.009279104977393534
2015-08-07,0.00040138982954452583
2015-08-10,0.039839787172494076
2015-08-11,0.010034970540900228
2015-08-12,0.012969507434513222
2015-08-13,0.00902714978955797
2015-08-14,0.021106177912257947
2015-08-17,0.03726095172053149
2015-08-18,0.029079818562580212
2015-08-19,0.003424852083569954
2015-08-20,-0.06160922816478224
2015-08-21,-0.15770790098390577
2015-08-24,-0.27283660093130757
2015-08-25,-0.3107780880406471
2015-08-26,-0.20273377513944227
2015-08-27,-0.1328532627486081
2015-08-28,-0.131059934646956
2015-08-31,-0.15579600573503677
2015-09-01,-0.24224627694940287
2015-09-02,-0.19035832914870085
2015-09-03,-0.18699398634642708
2015-09-04,-0.23132327851206552
2015-09-08,-0.15990139320741448
2015-09-09,-0.2004661784489232
2015-09-10,-0.18527476271178536
2015-09-11,-0.1722916600915583
2015-09-14,-0.184178016600031
2015-09-15,-0.14703685773440434
2015-09-16,-0.12151527929601273
2015-09-17,-0.12908875582447837
2015-09-18,-0.17676756989898817
2015-09-21,-0.16351769119752346
2015-09-22,-0.19942871591077713
2015-09-23,-0.20532743148480728
2015-09-24,-0.21499065398296713
2015-09-25,-0.21632453438915497
2015-09-28,-0.28979170298329365
2015-09-29,-0.2863532557140099
2015-09-30,-0.2330869648269138
2015-10-01,-0.2274698462275234
2015-10-02,-0.18665310579817943
2015-10-05,-0.1337573372461355
2015-10-06,-0.14432463424182243
2015-10-07,-0.1207445928391043
2015-10-08,-0.09465982045143327
2015-10-09,-0.0924959700147287
2015-10-12,-0.08868700041039278
2015-10-13,-0.10909537062506476
2015-10-14,-0.1231011148900358
2015-10-15,-0.07920162863305813
2015-10-16,-0.06549230223612887
2015-10-19,-0.06467715309901388
2015-10-20,-0.0689603912922168
2015-10-21,-0.08649350818688407
2015-10-22,-0.03673976903608215
2015-10-23,-0.0031852663737603204
2015-10-26,-0.009069161054388718
2015-10-27,-0.016909413664092
2015-10-28,0.019342491597409667
2015-10-29,0.01794932761761353
2015-10-30,0.0030543297485178113
2015-11-02,0.03964711555826748
2015-11-03,0.04815430837106434
2015-11-04,0.03706828010630421
2015-11-05,0.03354090747660766
2015-11-06,0.03245898225825537
2015-11-09,0.0018983000631548307
2015-11-10,0.00655206059140955
2015-11-11,-0.0034075797747917407
2015-11-12,-0.046432633321046475
2015-11-13,-0.08041694189202907
2015-11-16,-0.035731948284740564
2015-11-17,-0.039807693970314126
2015-11-18,0.009308746764197679
2015-11-19,0.00584065770810941
2015-11-20,0.017593626175963797
2015-11-23,0.013769835678225796
2015-11-24,0.017549163495757244
2015-11-25,0.017148999373900957
2015-11-27,0.018986790155759933
2015-11-30,0.004610523555736405
2015-12-01,0.0375425486951712
2015-12-02,0.0032766431495492316
2015-12-03,-0.041023007229285396
2015-12-04,0.021328491313289365
2015-12-07,-0.00033965484055975895
2015-12-08,-0.020318219146571302
2015-12-09,-0.043987185909702534
2015-12-10,-0.03715475405134084
2015-12-11,-0.09623083515205462
2015-12-14,-0.08204724016625836
2015-12-15,-0.05022678203198033
2015-12-16,-0.006268012201394037
2015-12-17,-0.05247955782909733
2015-12-18,-0.10633868445227697
2015-12-21,-0.08321809074502308
2015-12-22,-0.05680725870250646
2015-12-23,-0.019280756608425573
2015-12-24,-0.024171651431114122
2015-12-28,-0.030826232568650278
2015-12-29,0.0015722404083092418
2015-12-30,-0.020659099694819303
2015-12-31,-0.04944127468166983
2016-01-04,-0.09580102924339384
2016-01-05,-0.0897985674155492
2016-01-06,-0.12899983046406593
2016-01-07,-0.19890998464170428
2016-01-08,-0.23012278614649667
2016-01-11,-0.22769215962855446
2016-01-12,-0.20544599863202384
2016-01-13,-0.27717912269811873
2016-01-14,-0.23040438312113637
2016-01-15,-0.2919259116331941
2016-01-19,-0.2904438222929855
2016-01-20,-0.32304978777757404
2016-01-21,-0.30873280475115916
2016-01-22,-0.25254679786385215
2016-01-25,-0.2967427019888719
2016-01-26,-0.25739323000633413
2016-01-27,-0.28804283756184745
2016-01-28,-0.27261428753027644
2016-01-29,-0.20313393926129855
2016-02-01,-0.20440853609387777
2016-02-02,-0.25828248361045947
2016-02-03,-0.24420263487847807
2016-02-04,-0.23987493400506896
2016-02-05,-0.2923408966484524
2016-02-08,-0.3317792939914023
2016-02-09,-0.3336022638798589
2016-02-10,-0.3341209951489321
2016-02-11,-0.3678829903188833
2016-02-12,-0.31497240087343725
2016-02-16,-0.2693240491950134
2016-02-17,-0.22302357820689767
2016-02-18,-0.23634756137537272
2016-02-19,-0.23642166584238308
2016-02-22,-0.1953381493318015
2016-02-23,-0.23124917404505516
2016-02-24,-0.2186069519730761
2016-02-25,-0.1861491954225083
2016-02-26,-0.1915588215142697
2016-02-29,-0.2150054748763692
2016-03-01,-0.14665151450595013
2016-03-02,-0.1346465908502605
2016-03-03,-0.12434606993581088
2016-03-04,-0.11457910118383653
2016-03-07,-0.11195580305166739
2016-03-08,-0.1453028132063602
2016-03-09,-0.1304819198042745
2016-03-10,-0.13002247210880993
2016-03-11,-0.08167671783120621
2016-03-14,-0.085456045648738
2016-03-15,-0.09095459710091185
2016-03-16,-0.07422180844995716
2016-03-17,-0.05440627397136874
2016-03-18,-0.04108229080289369
2016-03-21,-0.038088470335672406
2016-03-22,-0.040756231148047425
2016-03-23,-0.060156780611377816
2016-03-24,-0.06129798940333839
2016-03-28,-0.05965287023570702
2016-03-29,-0.033034545685560725
2016-03-30,-0.019784666984096703
2016-03-31,-0.026024263106374835
2016-04-01,-0.0066978181100544685
2016-04-04,-0.01655371222244159
2016-04-05,-0.04761830479321326
2016-04-06,-0.015768204872131427
2016-04-07,-0.05244991604229319
2016-04-08,-0.04401682769650668
2016-04-11,-0.05233134889507661
2016-04-12,-0.02308972621276184
2016-04-13,0.007589523129555954
2016-04-14,0.008123075292031228
2016-04-15,0.00508479214460339
2016-04-18,0.02525602806484221
2016-04-19,0.03483032520258962
2016-04-20,0.0372016681469232
2016-04-21,0.021017252551845514
2016-04-22,0.021165461485866236
2016-04-25,0.015548342886475811
2016-04-26,0.0213433122066911
2016-04-27,0.026456520430411072
2016-04-28,-0.00220708740922288
2016-04-29,-0.017783846374814595
2016-05-02,0.006122254682749119
2016-05-03,-0.020644278801417566
2016-05-04,-0.03879987321897254
2016-05-05,-0.03952609699567442
2016-05-06,-0.029877695390916982
2016-05-09,-0.02758045691359343
2016-05-10,0.01050923912976654
2016-05-11,-0.01902880142059001
2016-05-12,-0.019547532689662875
2016-05-13,-0.045484096143313175
2016-05-16,-0.015768204872131427
2016-05-17,-0.044594842539187836
2016-05-18,-0.04397236501630013
2016-05-19,-0.05522142310848339
2016-05-20,-0.037021366010721854
2016-05-23,-0.04336470838681483
2016-05-24,-0.0018365650741707378
2016-05-25,0.019624088572049378
2016-05-26,0.018971969262357526
2016-05-27,0.03225148975062636
2016-05-31,0.02912428124278609
2016-06-01,0.03265165387248265
2016-06-02,0.0414404436599199
2016-06-03,0.03235523600444121
2016-06-06,0.04759111442178492
2016-06-07,0.051622397427152605
2016-06-08,0.061982201915210186
2016-06-09,0.05658739671685118
2016-06-10,0.02782004262340306
2016-06-13,0.002609702946454971
2016-06-14,-0.0029333111859247557
2016-06-15,-0.008594892465521734
2016-06-16,0.001023867352431559
2016-06-17,-0.00900987748078043
2016-06-20,0.008819657281928957
2016-06-21,0.01719346205410751
2016-06-22,0.01208025383038754
2016-06-23,0.053386083742000885
2016-06-24,-0.05911931807323175
2016-06-27,-0.11376395204672188
2016-06-28,-0.0610756760023073
2016-06-29,-0.009676817683874017
2016-06-30,0.031955071882584916
2016-07-01,0.03801681728403751
2016-07-05,0.016674730785034647
2016-07-06,0.03324448960856621
2016-07-07,0.030532266115984637
2016-07-08,0.07795912500265886
2016-07-11,0.08871909361257273
2016-07-12,0.11092079192889713
2016-07-13,0.11135059783755756
2016-07-14,0.1281278491687188
2016-07-15,0.12514884959489925
2016-07-18,0.13278160969697353
2016-07-19,0.12817231184892536
2016-07-20,0.1418668173524522
2016-07-21,0.1302324160318151
2016-07-22,0.14484581692627177
2016-07-25,0.13513813174790537
2016-07-26,0.1361755942860511
2016-07-27,0.13232216200150895
2016-07-28,0.1374798329054348
2016-07-29,0.14272642916977307
2016-08-01,0.13863586259079777
2016-08-02,0.11816820880251752
2016-08-03,0.1281871327423271
2016-08-04,0.12886889383882308
2016-08-05,0.1564653973535065
2016-08-08,0.1535308604598935
2016-08-09,0.15479063639907065
2016-08-10,0.14552757802276708
2016-08-11,0.16079309822691562
2016-08-12,0.15821426277495304
2016-08-15,0.16725500775022517
2016-08-16,0.14946993566772235
2016-08-17,0.1555020392823708
2016-08-18,0.1626160681153722
2016-08-19,0.15794748669371506
2016-08-22,0.1561245168052585
2016-08-23,0.16243821739454734
2016-08-24,0.14545347355575708
2016-08-25,0.14105166821533724
2016-08-26,0.13596810177842208
2016-08-29,0.1527749948963875
2016-08-30,0.14646129430709864
2016-08-31,0.13879889241822024
2016-09-01,0.13866550437760192
2016-09-02,0.15218215916030392
2016-09-06,0.16181573987165962
2016-09-07,0.16134147128279264
2016-09-08,0.15413851708937948
2016-09-09,0.07486155828162273
2016-09-12,0.12114720837633638
2016-09-13,0.07369070770285802
2016-09-14,0.0718380960275973
2016-09-15,0.10368819594867981
2016-09-16,0.09168327229298986
2016-09-19,0.09162398871938157
2016-09-20,0.09257252589711555
2016-09-21,0.12719413288438725
2016-09-22,0.14803230900771966
2016-09-23,0.12952101314851494
2016-09-26,0.10196897231403743
2016-09-27,0.12246626788912184
2016-09-28,0.13942136994110796
2016-09-29,0.10942388169528681
2016-09-30,0.13482689298646153
2016-10-03,0.12434852135118668
2016-10-04,0.10847534451755285
2016-10-05,0.12216985002108038
2016-10-06,0.12371122293489724
2016-10-07,0.1132921348732307
2016-10-10,0.1279944611280998
2016-10-11,0.08808179519628329
2016-10-12,0.09171291407979401
2016-10-13,0.0818866617542117
2016-10-14,0.08252396017050115
2016-10-17,0.0729200212459496
2016-10-18,0.09233539160268171
2016-10-19,0.09928639060825999
2016-10-20,0.09491422705464497
2016-10-21,0.094647450973407
2016-10-24,0.10972029956332827
2016-10-25,0.09761162965382414
2016-10-26,0.09208343641484615
2016-10-27,0.08261288553091359
2016-10-28,0.0727866332053306
2016-10-31,0.07240128997687673
2016-11-01,0.05101474079766664
2016-11-02,0.030591549689592927
2016-11-03,0.016837760612457103
2016-11-04,0.011680089708531256
2016-11-07,0.08036010973379658
2016-11-08,0.09227610802907343
2016-11-09,0.12740162539201694
2016-11-10,0.1336560424076968
2016-11-11,0.12916531170686454
2016-11-14,0.1287947893718124
2016-11-15,0.15278981578978923
2016-11-16,0.14767660756606993
2016-11-17,0.16276427704939292
2016-11-18,0.15502777069350449
2016-11-21,0.1791561851520996
2016-11-22,0.18621093041149273
2016-11-23,0.1888490494370636
2016-11-25,0.20163948044306373
2016-11-28,0.1844027814164379
2016-11-29,0.18876012407665116
2016-11-30,0.18008990143643117
2016-12-01,0.1686333508366189
2016-12-02,0.1699227685626002
2016-12-05,0.18883422854366186
2016-12-06,0.19997954038203028
2016-12-07,0.24313798196890368
2016-12-08,0.25031129437551336
2016-12-09,0.2700823661738959
2016-12-12,0.2662733965695596
2016-12-13,0.28814903523103774
2016-12-14,0.2608193077975923
2016-12-15,0.27378758952441734
2016-12-16,0.26791851573719133
2016-12-19,0.2745286341945216
2016-12-20,0.28672622946443815
2016-12-21,0.2784561709460738
2016-12-22,0.2722017539303939
2016-12-23,0.27639606676318407
2016-12-27,0.2839399015048459
2016-12-28,0.2558394876144914
2016-12-29,0.25486130864995393
2016-12-30,0.2394031168315781
2017-01-03,0.2675628142955409
2017-01-04,0.2867114085710358
2017-01-05,0.28411775222567076
2017-01-06,0.29594482516053516
2017-01-09,0.28396954329165003
2017-01-10,0.28396954329165003
2017-01-11,0.29348455685578917
2017-01-12,0.2862519608755712
2017-01-13,0.2924767361044469
2017-01-17,0.28247263305803905
2017-01-18,0.28840099041887335
2017-01-19,0.27624785782916333
2017-01-20,0.2875413786015525
2017-01-23,0.2784858127328779
2017-01-24,0.3005244812217799
2017-01-25,0.3276467161475963
2017-01-26,0.3251419851626437
2017-01-27,0.322192627375629
2017-01-30,0.3017546153741529
2017-01-31,0.29874597401352915
2017-02-01,0.2997537947648714
2017-02-02,0.30168051090714215
2017-02-03,0.3262387312743984
2017-02-06,0.3190357770809846
2017-02-07,0.319806463537893
2017-02-08,0.32216298558882484
2017-02-09,0.3417265648795777
2017-02-10,0.35392416014949424
2017-02-13,0.3719315456330285
2017-02-14,0.38575943917717437
2017-02-15,0.40305542177740844
2017-02-16,0.40004678041678476
2017-02-17,0.4058862124172066
2017-02-21,0.42696152283497285
2017-02-22,0.423167374124039
2017-02-23,0.42463464257084516
2017-02-24,0.4298664179417817
2017-02-27,0.4334382532516841
2017-02-28,0.4243826873830096
2017-03-01,0.4722838148585508
2017-03-02,0.4514752805220225
2017-03-03,0.45325378773027253
2017-03-06,0.4416786699832437
2017-03-07,0.4314226117490003
2017-03-08,0.42340450841847216
2017-03-09,0.42620565727146614
2017-03-10,0.4376622078712784
2017-03-13,0.4389516255972597
2017-03-14,0.427065269088787
2017-03-15,0.45642545891831937
2017-03-16,0.45067495227830995
2017-03-17,0.446036012643457
2017-03-20,0.4389516255972597
2017-03-21,0.3953040945281176
2017-03-22,0.40186975030524136
2017-03-23,0.3981793478481223
2017-03-24,0.3952448109545093
2017-03-27,0.39170261743141105
2017-03-28,0.41686849442815255
2017-03-29,0.4206626431390864
2017-03-30,0.4309335222667316
2017-03-31,0.4230191651900176
2017-04-03,0.41726865855000883
2017-04-04,0.4192250164790837
2017-04-05,0.4085391523361799
2017-04-06,0.41526783794072675
2017-04-07,0.4123777637273203
2017-04-10,0.414778748458458
2017-04-11,0.4097692864885536
2017-04-12,0.3966527958277072
2017-04-13,0.37296900817117423
2017-04-17,0.40269972033575874
2017-04-18,0.39259187103553606
2017-04-19,0.3866338718878976
2017-04-20,0.41282239052938313
2017-04-21,0.4022254517468917
2017-04-24,0.43995944634860196
2017-04-25,0.46139045820801794
2017-04-26,0.45967123457337555
2017-04-27,0.4616275925024511
2017-04-28,0.4548544442176977
2017-05-01,0.4609754731927592
2017-05-02,0.4651846069189518
2017-05-03,0.4606790553247178
2017-05-04,0.4627391595076075
2017-05-05,0.47721917236144523
2017-05-08,0.4773525604020642
2017-05-09,0.47370662062515106
2017-05-10,0.47772308273711633
2017-05-11,0.4700310390614338
2017-05-12,0.4647844427970955
2017-05-15,0.4817099030622775
2017-05-16,0.47926445565093323
2017-05-17,0.41458607684423143
2017-05-18,0.4274654332106433
2017-05-19,0.4511936835473828
2017-05-22,0.4694085615385461
2017-05-23,0.47592975463546394
2017-05-24,0.4847778279965088
2017-05-25,0.5006065421499367
2017-05-26,0.5017181091550932
2017-05-30,0.4974052291750858
2017-05-31,0.49576011000745474
2017-06-01,0.5228230613596628
2017-06-02,0.5361766863149424
2017-06-05,0.5317748809745226
2017-06-06,0.5217411361413106
2017-06-07,0.5273878965275052
2017-06-08,0.5283512545986409
2017-06-09,0.5253574341314196
2017-06-12,0.5218300615017231
2017-06-13,0.538073760670409
2017-06-14,0.5344722835737025
2017-06-15,0.5263800757761636
2017-06-16,0.5274027174209076
2017-06-19,0.5575039519205436
2017-06-20,0.533153224060917
2017-06-21,0.5310486571978207
2017-06-22,0.529403538030189
2017-06-23,0.5350354775229819
2017-06-26,0.5361766863149424
2017-06-27,0.5069943472062356
2017-06-28,0.5385776710460801
2017-06-29,0.5074686157951019
2017-06-30,0.5129671672472758
2017-07-03,0.5212668675524443
2017-07-05,0.5264986429233801
2017-07-06,0.4927218268600269
2017-07-07,0.5155904653794449
2017-07-10,0.5189251663949142
2017-07-11,0.5161091966485184
2017-07-12,0.542371819757014
2017-07-13,0.5491597889351691
2017-07-14,0.5661148909871553
2017-07-17,0.565922219372928
2017-07-18,0.5681008907030349
2017-07-19,0.5876941117805919
2017-07-20,0.5871309178313125
2017-07-21,0.5857822165317229
2017-07-24,0.5818843215669742
2017-07-25,0.5925850066032805
2017-07-26,0.5936224691414262
2017-07-27,0.5900506338315238
2017-07-28,0.5851300972220311
2017-07-31,0.5824623364096561
2017-08-01,0.5914289769179175
2017-08-02,0.5932371259129724
2017-08-03,0.5852190225824435
2017-08-04,0.5921403798012177
2017-08-07,0.5981873043092685
2017-08-08,0.5893095891614195
2017-08-09,0.5879757087552316
2017-08-10,0.5349020894823628
2017-08-11,0.5395113873304117
2017-08-14,0.5758522179523258
2017-08-15,0.5740292480638692
2017-08-16,0.5792165607545993
2017-08-17,0.5227489568926529
2017-08-18,0.5161388384353226
2017-08-21,0.5203183303747103
2017-08-22,0.5560959670473457
2017-08-23,0.5435426703357787
2017-08-24,0.5360284773809211
2017-08-25,0.5420754018889725
2017-08-28,0.5438390882038202
2017-08-29,0.5468921922446504
2017-08-30,0.5636249808956051
2017-08-31,0.5844631570189375
2017-09-01,0.5917253947859596
2017-09-05,0.5640103241240589
2017-09-06,0.575407591150263
2017-09-07,0.5747554718405711
2017-09-08,0.5693162039620056
2017-09-11,0.6088583475587707
2017-09-12,0.6212634353363162
2017-09-13,0.6240645841893102
2017-09-14,0.6199888385037367
2017-09-15,0.6268212703620983
2017-09-18,0.6322160755604573
2017-09-19,0.6363362839262374
2017-09-20,0.6386928059771686
2017-09-21,0.6273696434179753
2017-09-22,0.629770628149113
2017-09-25,0.6215302114175535
2017-09-26,0.6217969874987914
2017-09-27,0.6369142987689186
2017-09-28,0.6413902085763484
2017-09-29,0.6551736394402884
2017-10-02,0.6696388314007237
2017-10-03,0.6777310391982625
2017-10-04,0.6824144415133214
2017-10-05,0.7036527817585108
2017-10-06,0.699591856966339
2017-10-09,0.6927742460013797
2017-10-10,0.7015333940020121
2017-10-11,0.7083510049669713
2017-10-12,0.7019631999106726
2017-10-13,0.7052830800327401
2017-10-16,0.711908019383472
2017-10-17,0.7144572130486312
2017-10-18,0.7172731827950276
2017-10-19,0.7185181378408023
2017-10-20,0.7379483290909369
2017-10-23,0.7227865551406032
2017-10-24,0.7289372259024689
2017-10-25,0.7111817956067702
2017-10-26,0.715998585962448
2017-10-27,0.7466333726245593
2017-10-30,0.7344209564612403
2017-10-31,0.7380224335579476
2017-11-01,0.7440989998528026
2017-11-02,0.7448252236295044
2017-11-03,0.7566671174577713
2017-11-06,0.7615431913870574
2017-11-07,0.7608169676103549
2017-11-08,0.7663599817427352
2017-11-09,0.7518947897822993
2017-11-10,0.7484563425130158
2017-11-13,0.7522208494371456
2017-11-14,0.7433727760761001
2017-11-15,0.7222530029781279
2017-11-16,0.753406520909312
2017-11-17,0.7433431342892959
2017-11-20,0.748219208218582
2017-11-21,0.7732516971747052
2017-11-22,0.7703616229612982
2017-11-24,0.7782759800380121
2017-11-27,0.7767938906978036
2017-11-28,0.814765019593947
2017-11-29,0.813327392933945
2017-11-30,0.845207134641831
2017-12-01,0.8372631357783128
2017-12-04,0.8331429274125334
2017-12-05,0.8185147056246749
2017-12-06,0.8180700788226121
2017-12-07,0.8294969876356202
2017-12-08,0.8510169248554486
2017-12-11,0.863599863353819
2017-12-12,0.8697060714354788
2017-12-13,0.8678386388668158
2017-12-14,0.8517727904189553
2017-12-15,0.8870465167159188
2017-12-18,0.9083144987479117
2017-12-19,0.8954351423814991
2017-12-20,0.8921449040462364
2017-12-21,0.9000296193361462
2017-12-22,0.8982066494476897
2017-12-26,0.8939975157214971
2017-12-27,0.8971395451227391
2017-12-28,0.9044314246765653
2017-12-29,0.8837859201674603
2018-01-02,0.9166883035200902
2018-01-03,0.9422543446386881
2018-01-04,0.9584535811271675
2018-01-05,0.9868504128855642
2018-01-08,0.9936087402769151
2018-01-09,0.9989146201148618
2018-01-10,0.9943794267338235
2018-01-11,1.023028213680055
2018-01-12,1.0507136425551509
2018-01-16,1.0361595252343032
2018-01-17,1.074901340587355
2018-01-18,1.0681874758762107
2018-01-19,1.0863727120805697
2018-01-22,1.1199716774230974
2018-01-23,1.1291013477587826
2018-01-24,1.1267448257078507
2018-01-25,1.1292791984796076
2018-01-26,1.1791070420974195
2018-01-29,1.1504434342577863
2018-01-30,1.1043504557772992
2018-01-31,1.1063957390667871
2018-02-01,1.1036835155742055
2018-02-02,1.0149804685627228
2018-02-05,0.8472227761445148
2018-02-06,0.9156953036621504
2018-02-07,0.8957167393561388
2018-02-08,0.7465296263707445
2018-02-09,0.8036641704357851
2018-02-12,0.8576863268863871
2018-02-13,0.8679720269074347
2018-02-14,0.9208677954594786
2018-02-15,0.9691394452700713
2018-02-16,0.9706511763970841
2018-02-20,0.9469970305273558
2018-02-21,0.9248694366780416
2018-02-22,0.9287673316427902
2018-02-23,0.9930010836474298
2018-02-26,1.0408725693361662
2018-02-27,0.9885251738399999
2018-02-28,0.9433955534306486
2018-03-01,0.889803202888707
2018-03-02,0.9099299761287393
2018-03-05,0.9539332086395318
2018-03-06,0.964574610102229
2018-03-07,0.9626182521731541
2018-03-08,0.9806552794434918
2018-03-09,1.0512027320374204
2018-03-12,1.0459413148796797
2018-03-13,1.0196935126645859
2018-03-14,0.9962320384090843
2018-03-15,0.9930455463276358
2018-03-16,0.9999817244398123
2018-03-19,0.9420468521310591
2018-03-20,0.9480048512786975
2018-03-21,0.9405795836842522
2018-03-22,0.8394418071084198
2018-03-23,0.757289594980659
2018-03-26,0.8614656547039193
2018-03-27,0.7933932913081393
2018-03-28,0.7820997705357501
2018-03-29,0.8352623151690314
2018-04-02,0.7478338649901282
2018-04-03,0.7961055148007208
2018-04-04,0.8409238964486283
2018-04-05,0.867823817973414
2018-04-06,0.7813142631854393
2018-04-09,0.7941936195518519
2018-04-10,0.8589757446123685
2018-04-11,0.8372186730981069
2018-04-12,0.8695282207146533
2018-04-13,0.85813095368845
2018-04-16,0.8900551580765426
2018-04-17,0.9323688087394968
2018-04-18,0.9357035097549661
2018-04-19,0.9127163040883315
2018-04-20,0.8786430701569361
2018-04-23,0.8788653835579676
2018-04-24,0.8259103314323154
2018-04-25,0.8330836438389251
2018-04-26,0.873900384268269
2018-04-27,0.8783021896086881
2018-04-30,0.8459037166317294
2018-05-01,0.8559078196781371
2018-05-02,0.8275554505999471
2018-05-03,0.818751839919108
2018-05-04,0.8686834297907349
2018-05-07,0.8823334726140558
2018-05-08,0.8812811891825078
2018-05-09,0.9196228404137032
2018-05-10,0.9570900589341762
2018-05-11,0.9639817743661455
2018-05-14,0.9675536096760486
2018-05-15,0.9398681808009521
2018-05-16,0.9561859844366487
2018-05-17,0.9527327162739629
2018-05-18,0.942120956598069
2018-05-21,0.9718220269758494
2018-05-22,0.9591205213302617
2018-05-23,0.9722370119911075
2018-05-24,0.9640410579397545
2018-05-25,0.954511223482213
2018-05-29,0.9078698719458496
2018-05-30,0.9584832229139723
2018-05-31,0.9307088686784634
2018-06-01,0.9742081908135848
2018-06-04,0.9923637852311398
2018-06-05,0.9952242176577427
2018-06-06,1.030127421619654
2018-06-07,1.0271928847260412
2018-06-08,1.0400277784122478
2018-06-11,1.044429583752667
2018-06-12,1.0516177170526784
2018-06-13,1.0349886746555386
2018-06-14,1.0451558075293688
2018-06-15,1.0409614946965786
2018-06-18,1.0322023466959462
2018-06-19,1.0156622296592188
2018-06-20,1.0226725122384053
2018-06-21,0.996647023424343
2018-06-22,1.0042353208462107
2018-06-25,0.9481975228929248
2018-06-26,0.9570752380407738
2018-06-27,0.9223498847996873
2018-06-28,0.9470711349943659
2018-06-29,0.9501242390351955
2018-07-02,0.9624848641325352
2018-07-03,0.9424914789331212
2018-07-05,0.9771575486006001
2018-07-06,1.011556842186841
2018-07-09,1.0476457176209197
2018-07-10,1.0619775215407365
2018-07-11,1.0326025108178025
2018-07-12,1.0685728191046644
2018-07-13,1.0730487289120942
2018-07-16,1.0687803116122936
2018-07-17,1.0852611450754133
2018-07-18,1.0942574273704788
2018-07-19,1.0777617730139573
2018-07-20,1.0738194153690028
2018-07-23,1.081452175471077
2018-07-24,1.1013418144166762
2018-07-25,1.1393870477798302
2018-07-26,1.1265966167738302
2018-07-27,1.0990001132591467
2018-07-30,1.0749606241609633
2018-07-31,1.0952504272284187
2018-08-01,1.0909079054616078
2018-08-02,1.1114496637168982
2018-08-03,1.130909496753837
2018-08-06,1.1458044946229333
2018-08-07,1.1577353138116118
2018-08-08,1.1566237468064553
2018-08-09,1.1505175387247963
2018-08-10,1.1204311251185626
2018-08-13,1.1036094111071948
2018-08-14,1.1303314819111556
2018-08-15,1.0983331730560524
2018-08-16,1.1314134071295079
2018-08-17,1.145404330501077
2018-08-20,1.1556603887353203
2018-08-21,1.1644195367359529
2018-08-22,1.1627299548881151
2018-08-23,1.1555566424815056
2018-08-24,1.1818044446965994
2018-08-27,1.214484514648198
2018-08-28,1.215640544333561
2018-08-29,1.2401246602338063
2018-08-30,1.220990886851714
2018-08-31,1.2215689016943951
2018-09-04,1.2144548728613938
2018-09-05,1.2024203074189004
2018-09-06,1.1867842648797002
2018-09-07,1.1773433557825712
2018-09-10,1.1854207426867083
2018-09-11,1.201368023987352
2018-09-12,1.2028945760077674
2018-09-13,1.2255112593393498
2018-09-14,1.2266969308115168
2018-09-17,1.2027167252869424
2018-09-18,1.225703930953577
2018-09-19,1.231098736151936
2018-09-20,1.2648903731086916
2018-09-21,1.2632897166212664
2018-09-24,1.248024196417118
2018-09-25,1.2423774360309234
2018-09-26,1.228164199258323
2018-09-27,1.2400653766601981
2018-09-28,1.240035734873394
2018-10-01,1.255760702773007
2018-10-02,1.2540414791383647
2018-10-03,1.257124224965999
2018-10-04,1.221702289735014
2018-10-05,1.1979295767180687
2018-10-08,1.1962399948702305
2018-10-09,1.1901782494687778
2018-10-10,1.0498836725246343
2018-10-11,0.9649451324372812
2018-10-12,1.0223909152637656
2018-10-15,0.9981735754447574
2018-10-16,1.0858095181312903
2018-10-17,1.084757234699742
2018-10-18,1.02483636267511
2018-10-19,1.0233542733349015
2018-10-22,1.0057174101864192
2018-10-23,0.983204473108651
2018-10-24,0.8578345358204079
2018-10-25,0.9311534954805262
2018-10-26,0.8616731472115483
2018-10-29,0.8358255091183108
2018-10-30,0.8971543660161415
2018-10-31,0.9402979867096125
2018-11-01,0.982730204519784
2018-11-02,0.9570752380407738
2018-11-05,0.9796771004789544
2018-11-06,1.0050801117701291
2018-11-07,1.091693412811918
2018-11-08,1.0812298620700456
2018-11-09,1.0429623153058607
2018-11-12,0.9617586403558326
2018-11-13,0.9557709994213901
2018-11-14,0.9252399590130936
2018-11-15,0.9676573559298628
2018-11-16,0.976653638224929
2018-11-19,0.9091592896718308
2018-11-20,0.836774046296044
2018-11-21,0.8486900445913209
2018-11-23,0.8229461527518982
2018-11-26,0.8835487858730264
2018-11-27,0.8964726049196455
2018-11-28,0.9877989500632974
2018-11-29,0.9789212349154485
2018-11-30,1.012075573455914
2018-12-03,1.0568346715302126
2018-12-04,0.9229871832159766
2018-12-06,0.9168957960277192
2018-12-07,0.8237168392088067
2018-12-10,0.8305937337473742
2018-12-11,0.8292005697675787
2018-12-12,0.8503796264391592
2018-12-13,0.8495941190888483
2018-12-14,0.7746152193676966
2018-12-17,0.694567574103032
2018-12-18,0.6948936337578777
2018-12-19,0.636795731621702
2018-12-20,0.5781939191098552
2018-12-21,0.5029037806272596
2018-12-24,0.4057972870567942
2018-12-26,0.5786089041251132
2018-12-27,0.6099254518837205
2018-12-28,0.6053457958224758
2018-12-31,0.6366327017942789
2019-01-02,0.6413457458961426
2019-01-03,0.5492487142955815
2019-01-04,0.6738183233401122
2019-01-07,0.7001254091288143
2019-01-08,0.7367626576187698
2019-01-09,0.7523987001579704
2019-01-10,0.7697095036516063
2019-01-11,0.7691463097023276
2019-01-14,0.7489157902084804
2019-01-15,0.7899548440388559
2019-01-16,0.7985509622120651
2019-01-17,0.8279852565086074
2019-01-18,0.8794878610808553
2019-01-22,0.8234500631275693
2019-01-23,0.8320461813007787
2019-01-24,0.8374261656057359
2019-01-25,0.8706694295066145
2019-01-28,0.8396789414028529
2019-01-29,0.83397289744305
2019-01-30,0.8948126648586121
2019-01-31,0.9289748241504192
2019-02-01,0.9325763012471265
2019-02-04,0.9597578197465512
2019-02-05,0.978773025981427
2019-02-06,0.9697471018995573
2019-02-07,0.9318648983638264
2019-02-08,0.934577121856408
2019-02-11,0.9374227333896085
2019-02-12,0.9891921140430936
2019-02-13,1.001493455566825
2019-02-14,0.9906742033833021
2019-02-15,1.034944211975332
2019-02-19,1.0411097036306
2019-02-20,1.0484312249712298
2019-02-21,1.033877107650382
2019-02-22,1.0602434770126925
2019-02-25,1.0653418643430101
2019-02-26,1.0620664469011492
2019-02-27,1.059813671104032
2019-02-28,1.0481199862097859
2019-03-01,1.076576101541791
2019-03-04,1.0604509695203215
2019-03-05,1.0557675672052627
2019-03-06,1.0287935412134663
2019-03-07,0.9954168892719693
2019-03-08,0.9867318457383476
2019-03-11,1.0463562998949383
2019-03-12,1.0585390742714524
2019-03-13,1.0872916074714989
2019-03-14,1.0836753094813898
2019-03-15,1.10442456024431
2019-03-18,1.1199272147428916
2019-03-19,1.1193788416870145
2019-03-20,1.107018216589675
2019-03-21,1.1524442548670677
2019-03-22,1.0721594753079693
2019-03-25,1.0686765653584793
2019-03-26,1.0984665610966715
2019-03-27,1.079066011633341
2019-03-28,1.0939906512892417
2019-03-29,1.1220910651795961
2019-04-01,1.170688774645035
2019-04-02,1.170762879112045
2019-04-03,1.1798925494477304
2019-04-04,1.1887702645955793
2019-04-05,1.2085561572873635
2019-04-08,1.213046887988196
2019-04-09,1.187006578280731
2019-04-10,1.201842292576219
2019-04-11,1.2020053224036422
2019-04-12,1.2302984079082233
2019-04-15,1.227586184415642
2019-04-16,1.2297796766391507
2019-04-17,1.2199830661003717
2019-04-18,1.2267710352785275
2019-04-22,1.23112837793874
2019-04-23,1.2692328948755025
2019-04-24,1.2597030604179618
2019-04-25,1.2581024039305364
2019-04-26,1.278421848784796
2019-04-29,1.2830904302064532
2019-04-30,1.2872402803590368
2019-05-01,1.2544861059404275
2019-05-02,1.2452823311377323
2019-05-03,1.2869586833843971
2019-05-06,1.26743956677385
2019-05-07,1.1956768009209517
2019-05-08,1.1888147272757859
2019-05-09,1.1759205500159708
2019-05-10,1.191749264169399
2019-05-13,1.0886995923446967
2019-05-14,1.1221058860729978
2019-05-15,1.1466344646534499
2019-05-16,1.1842202503211394
2019-05-17,1.1593359702990376
2019-05-20,1.130731646033012
2019-05-21,1.1664944618122448
2019-05-22,1.1545043590499573
2019-05-23,1.1040688588026595
2019-05-24,1.1097304400822565
2019-05-28,1.0746493853995194
2019-05-29,1.0459413148796797
2019-05-30,1.054596716626498
2019-05-31,1.0000558289068222
2019-06-03,0.9887771290278349
2019-06-04,1.0759536240189032
2019-06-05,1.1098638281228754
2019-06-06,1.1355632572820915
2019-06-07,1.179803624087318
2019-06-10,1.1996488003527104
2019-06-11,1.1981518901190995
2019-06-12,1.1894372047986737
2019-06-13,1.2069258590131342
2019-06-14,1.2000193226877627
2019-06-17,1.2040061430129236
2019-06-18,1.2456232116859802
2019-06-19,1.258532209839197
2019-06-20,1.2996157263497783
2019-06-21,1.2941023540042027
2019-06-24,1.2865288774757366
2019-06-25,1.2450748386301032
2019-06-26,1.2397393170053526
2019-06-27,1.2562497922552758
2019-06-28,1.2812081767443884
2019-07-01,1.3146589331528953
2019-07-02,1.327523468625906
2019-07-03,1.3613299264760634
2019-07-05,1.3533118231455348
2019-07-08,1.3318808112861187
2019-07-09,1.3373349000580868
2019-07-10,1.3572541807904899
2019-07-11,1.367391671877516
2019-07-12,1.387933430132807
2019-07-15,1.388718937483118
2019-07-16,1.3735127008525776
2019-07-17,1.3444341079976856
2019-07-18,1.3602776430445154
2019-07-19,1.332858990250657
2019-07-22,1.345338182495213
2019-07-23,1.3756320886090756
2019-07-24,1.3965147274126146
2019-07-25,1.3729643277967007
2019-07-26,1.405851890255929
2019-07-29,1.3986044733823084
2019-07-30,1.3870589974220837
2019-07-31,1.3384464670632432
2019-08-01,1.2986968309588491
2019-08-02,1.2668170892509631
2019-08-05,1.1374158689573524
2019-08-06,1.1922976372252758
2019-08-07,1.1955730546671368
2019-08-08,1.2757689088658228
2019-08-09,1.2469570920921682
2019-08-12,1.1936759803116697
2019-08-13,1.258324717331568
2019-08-14,1.131280019088889
2019-08-15,1.141654644470349
2019-08-16,1.202538874566117
2019-08-19,1.254367538793211
2019-08-20,1.220071991460785
2019-08-21,1.2555235684785733
2019-08-22,1.2533300762550645
2019-08-23,1.1409284206936472
2019-08-26,1.1872733543619691
2019-08-27,1.1736084906452455
2019-08-28,1.2014421284543628
2019-08-29,1.2557458818796046
2019-08-30,1.258532209839197
2019-09-03,1.2286088260603858
2019-09-04,1.2753094611703581
2019-09-05,1.3319549157531294
2019-09-06,1.3359713778650948
2019-09-09,1.335556392849836
2019-09-10,1.3369791986164363
2019-09-11,1.3689034030045288
2019-09-12,1.3817086549039312
2019-09-13,1.3784777001422763
2019-09-16,1.3645015976641097
2019-09-17,1.3759729691573237
2019-09-18,1.3774995211777388
2019-09-19,1.3775884465381512
2019-09-20,1.3557720914502813
2019-09-23,1.3553422855416208
2019-09-24,1.3180232759551687
2019-09-25,1.3451010482007792
2019-09-26,1.334355900484267
2019-09-27,1.3108944262287656
2019-09-30,1.3330516618648836
2019-10-01,1.278970221840673
2019-10-02,1.2009530389720942
2019-10-03,1.2350707355836954
2019-10-04,1.2963995924815261
2019-10-07,1.2768063714039686
2019-10-08,1.2090304258762306
2019-10-09,1.2480686590973245
2019-10-10,1.275828192439431
2019-10-11,1.3234625438337342
2019-10-14,1.3173563357520752
2019-10-15,1.3611224339684338
2019-10-16,1.3522447188205848
2019-10-17,1.3644867767707072
2019-10-18,1.3470722270232565
2019-10-21,1.3774847002843364
2019-10-22,1.3615818816638985
2019-10-23,1.3742241037358778
2019-10-24,1.3827757592288812
2019-10-25,1.4009461745398386
2019-10-28,1.425949021709157
2019-10-29,1.422199335678429
2019-10-30,1.43684237835969
2019-10-31,1.423192335536369
2019-11-01,1.4666916576714903
2019-11-04,1.4835281925762598
2019-11-05,1.4781185664844985
2019-11-06,1.4813198794593494
2019-11-07,1.4937694299171007
2019-11-08,1.5054779357047487
2019-11-11,1.496481653409683
2019-11-12,1.5036401449228904
2019-11-13,1.506900741471349
2019-11-14,1.5107393528624893
2019-11-15,1.5460575418396594
2019-11-18,1.5483844221037872
2019-11-19,1.5456425568244008
2019-11-20,1.5282724697571566
2019-11-21,1.5209805902033304
2019-11-22,1.5309846932497382
2019-11-25,1.565591479343608
2019-11-26,1.5757882540042432
2019-11-27,1.5952184452543778
2019-11-29,1.5764700151007394
2019-12-02,1.5362905730876848
2019-12-03,1.5056557864255735
2019-12-04,1.5346454539200538
2019-12-05,1.5415668111388272
2019-12-06,1.5837767155479672
2019-12-09,1.5690299266128922
2019-12-10,1.5639315392825748
2019-12-11,1.577433373171875
2019-12-12,1.617360859997094
2019-12-13,1.617701740545342
2019-12-16,1.6512710641010655
2019-12-17,1.652856899695089
2019-12-18,1.6508116164056008
2019-12-19,1.6719017477167688
2019-12-20,1.6953928637590745
2019-12-23,1.6995278930182571
2019-12-24,1.6985941767339254
2019-12-26,1.7230931135275729
2019-12-27,1.723256143354996
2019-12-30,1.6954966100128894
2019-12-31,1.709561637851469
2020-01-02,1.7496817962909146
2020-01-03,1.7155937414661175
2020-01-06,1.732534022624702
2020-01-07,1.7190470096288033
2020-01-08,1.7425677674579139
2020-01-09,1.7746550016734288
2020-01-10,1.7607974663424788
2020-01-13,1.7945594615124305
2020-01-14,1.7871786565981918
2020-01-15,1.7962786851470722
2020-01-16,1.8370657837896118
2020-01-17,1.8560513482376837
2020-01-21,1.842964499363642
2020-01-22,1.8443873051302424
2020-01-23,1.8500044237296327
2020-01-24,1.805437997269561
2020-01-27,1.7286064858731491
2020-01-28,1.77693741925735
2020-01-29,1.7727282855311581
2020-01-30,1.7879345221616978
2020-01-31,1.7017658479219717
2020-02-03,1.7364467384828524
2020-02-04,1.8085800266708034
2020-02-05,1.8635655411925414
2020-02-06,1.8800019119754545
2020-02-07,1.8532205575978855
2020-02-10,1.8893538957121705
2020-02-11,1.8977425213777508
2020-02-12,1.9299038600602765
2020-02-13,1.9217375477957277
2020-02-14,1.9309561434918248
2020-02-18,1.9163279217039662
2020-02-19,1.9398338586396744
2020-02-20,1.9206852643641796
2020-02-21,1.8681007345735794
2020-02-24,1.7023142209778488
2020-02-25,1.557543734226276
2020-02-26,1.5400254382250103
2020-02-27,1.3360454823321053
2020-02-28,1.2996750099233865
2020-03-02,1.5012539810851544
2020-03-03,1.3725197009946377
2020-03-04,1.560374524866074
2020-03-05,1.4030062787227284
2020-03-06,1.326574931448172
2020-03-09,0.9919043375356752
2020-03-10,1.1929793983217718
2020-03-11,0.984227114753395
2020-03-12,0.5977871401874122
2020-03-13,0.9392308823846627
2020-03-16,0.45771487664430066
2020-03-17,0.6697425776545386
2020-03-18,0.47545548604659693
2020-03-19,0.49218827469755166
2020-03-20,0.33735440132596267
2020-03-23,0.23728372907508008
2020-03-24,0.5484187442650649
2020-03-25,0.5902581263391528
2020-03-26,0.8192557502947792
2020-03-27,0.6879426347522994
2020-03-30,0.8141870047512658
2020-03-31,0.7518503271020934
2020-04-01,0.5827587542776975
2020-04-02,0.666348593065461
2020-04-03,0.6096586758024832
2020-04-06,0.8690687730191887
2020-04-07,0.8627402515364981
2020-04-08,0.9969730830791885
2020-04-09,1.0560195223930982
2020-04-13,1.0142394238926185
2020-04-14,1.139372226886428
2020-04-15,1.0464452252553509
2020-04-16,1.0704402516733276
2020-04-17,1.181611773082372
2020-04-20,1.1054323809956514
2020-04-21,0.9770834441335895
2020-04-22,1.0700845502316771
2020-04-23,1.0678465953279626
2020-04-24,1.1255591542356838
2020-04-27,1.1874215632959897
2020-04-28,1.1650568351522421
2020-04-29,1.277873475728919
2020-04-30,1.2377384963960705
2020-05-01,1.1166221555142264
2020-05-04,1.134451690276935
2020-05-05,1.1725413863202958
2020-05-06,1.1428699577293202
2020-05-07,1.191438025407955
2020-05-08,1.2634823882354937
2020-05-11,1.264060403078175
2020-05-12,1.175031296411846
2020-05-13,1.1007489786805926
2020-05-14,1.148916882237371
2020-05-15,1.1655162828477068
2020-05-18,1.299215562227922
2020-05-19,1.2533152553616629
2020-05-20,1.325448543549614
2020-05-21,1.2912122797907961
2020-05-22,1.3014979798118431
2020-05-26,1.3553274646482185
2020-05-27,1.421072947779871
2020-05-28,1.4115875760025358
2020-05-29,1.4331964385827767
2020-06-01,1.4501218988479587
2020-06-02,1.487307520393792
2020-06-03,1.549629377149562
2020-06-04,1.5340377972905677
2020-06-05,1.6549466456647828
2020-06-08,1.7119478016892045
2020-06-09,1.6745843294225462
2020-06-10,1.6493295270653923
2020-06-11,1.3706374475325729
2020-06-12,1.428750170562151
2020-06-15,1.466217389082624
2020-06-16,1.5524008842157517
2020-06-17,1.5357273791384054
2020-06-18,1.5384692444177916
2020-06-19,1.5123844720301203
2020-06-22,1.5422041095551173
2020-06-23,1.5621085693941181
2020-06-24,1.4421186164108324
2020-06-25,1.4916648630540053
2020-06-26,1.3809379684470229
2020-06-29,1.4464314963908391
2020-06-30,1.5161637998476525
2020-07-01,1.5392399308747002
2020-07-02,1.5602114950386516
2020-07-06,1.633886156140419
2020-07-07,1.5829022828372448
2020-07-08,1.6193913223931795
2020-07-09,1.5928767440968483
2020-07-10,1.6417708714303287
2020-07-13,1.597574967305309
2020-07-14,1.6602673463961317
2020-07-15,1.7033072208357884
2020-07-16,1.6870190589868967
2020-07-17,1.7005949973432068
2020-07-20,1.7407744393562614
2020-07-21,1.7488666471538004
2020-07-22,1.7766113596025044
2020-07-23,1.7167942338316864
2020-07-24,1.6871079843473091
2020-07-27,1.7223520688574685
2020-07-28,1.691272655393295
2020-07-29,1.7505562290016379
2020-07-30,1.7324450972642889
2020-07-31,1.7693491218354822
2020-08-03,1.804163400436982
2020-08-04,1.821800263585464
2020-08-05,1.853309482958298
2020-08-06,1.8850113739453591
2020-08-07,1.8881534033466016
2020-08-10,1.9017738043831178
2020-08-11,1.8620834518523328
2020-08-12,1.9312377404664645
2020-08-13,1.920981682232221
2020-08-14,1.9201220704149
2020-08-17,1.9336683669844064
2020-08-18,1.9452138429446317
2020-08-19,1.9230862490953173
2020-08-20,1.938885321461941
2020-08-21,1.9561516622753703
2020-08-24,2.0067205505632875
2020-08-25,2.0250095330214606
2020-08-26,2.0770456897561838
2020-08-27,2.0856714497161977
2020-08-28,2.1204412656374907
2020-08-31,2.1090291777178845
2020-09-01,2.1480674109389786
2020-09-02,2.2283818322848807
2020-09-03,2.041964635073447
2020-09-04,2.000317924613586
2020-09-08,1.859341586572947
2020-09-09,1.958819423087746
2020-09-10,1.87023494322348
2020-09-11,1.8728730622490508
2020-09-14,1.9359656054617298
2020-09-15,1.962139303209813
2020-09-16,1.9388556796751362
2020-09-17,1.8966457752659969
2020-09-18,1.8410081414345665
2020-09-21,1.7840810898771555
2020-09-22,1.8352279930077535
2020-09-23,1.7186616664003496
2020-09-24,1.7329934703201664
2020-09-25,1.8098694443967849
2020-09-28,1.888627671935468
2020-09-29,1.8647215708779037
2020-09-30,1.9055234904138458
2020-10-01,1.9319046806695586
2020-10-02,1.883914627833605
2020-10-05,1.9731067643273565
2020-10-06,1.9025148490532222
2020-10-07,1.9891726127752176
2020-10-08,2.02976703980353
2020-10-09,2.0746891677052517
2020-10-12,2.159286827244357
2020-10-13,2.126251055851108
2020-10-14,2.091777657797857
2020-10-15,2.0838781216145454
2020-10-16,2.084574703604443
2020-10-19,2.0002586410399776
2020-10-20,2.0242684883513564
2020-10-21,2.0130638929393796
2020-10-22,2.039637754809319
2020-10-23,2.057274617957801
2020-10-26,1.961798422661565
2020-10-27,1.9465477233508188
2020-10-28,1.769215733794864
2020-10-29,1.8271357852102148
2020-10-30,1.7676298982008405
2020-11-02,1.8273284568244414
2020-11-03,1.9146531607495305
2020-11-04,2.024742756940223
2020-11-05,2.1240575636275993
2020-11-06,2.1225606533939887
2020-11-09,2.1834152417029524
2020-11-10,2.1760492576821164
2020-11-11,2.2162583414819745
2020-11-12,2.1634218565035392
2020-11-13,2.23476963734118
2020-11-16,2.2966616881882893
2020-11-17,2.270902975455465
2020-11-18,2.2090405663951587
2020-11-19,2.229908384305295
2020-11-20,2.193849150658021
2020-11-23,2.223565041929203
2020-11-24,2.309259447580062
2020-11-25,2.300722612980461
2020-11-27,2.313616790240275
2020-11-30,2.2888362564719884
2020-12-01,2.3493351433393017
2020-12-02,2.3590576494110707
2020-12-03,2.3556636648219924
2020-12-04,2.40368335944475
2020-12-07,2.3930715997688567
2020-12-08,2.408322299079603
2020-12-09,2.364704409797265
2020-12-10,2.35770894811148
2020-12-11,2.350832053572913
2020-12-14,2.3271630868097817
2020-12-15,2.3970139574138116
2020-12-16,2.406721642592178
2020-12-17,2.4383049664320224
2020-12-18,2.418934058755496
2020-12-21,2.397458584215874
2020-12-22,2.386105779869877
2020-12-23,2.3901815255554504
2020-12-24,2.409522791445172
2020-12-28,2.457394277133909
2020-12-29,2.4450632938233734
2020-12-30,2.4524737405244164
2020-12-31,2.4880883473696285
